Timestamp,Voltage (V),Current (A),Power (W),Magnetic Field (G),Event,Event Type
2025-11-05 22:26:13,231.05,1.0,231.05,17.68,Normal Operation,Normal
2025-11-05 22:26:13,229.88,0.75,172.41,17.32,Normal Operation,Normal
2025-11-05 22:26:14,229.58,1.78,408.6524,12.66,Normal Operation,Normal
2025-11-05 22:26:14,230.05,0.79,181.73950000000002,14.6,Normal Operation,Normal
2025-11-05 22:26:15,230.0,0.65,149.5,13.64,Normal Operation,Normal
2025-11-05 22:26:15,228.85,1.71,391.33349999999996,12.19,Normal Operation,Normal
2025-11-05 22:26:16,230.55,0.82,189.051,16.88,Normal Operation,Normal
2025-11-05 22:26:16,229.31,0.67,153.63770000000002,13.79,Normal Operation,Normal
2025-11-05 22:26:17,228.89,1.56,357.0684,13.79,Normal Operation,Normal
2025-11-05 22:26:17,231.57,1.12,259.3584,17.07,Normal Operation,Normal
2025-11-05 22:26:18,230.13,1.08,248.5404,14.65,Normal Operation,Normal
2025-11-05 22:26:18,231.02,0.96,221.7792,12.41,Normal Operation,Normal
2025-11-05 22:26:19,228.93,1.11,254.11230000000003,13.36,Normal Operation,Normal
2025-11-05 22:26:20,230.02,1.56,358.8312,12.52,Normal Operation,Normal
2025-11-05 22:26:20,231.15,0.67,154.87050000000002,14.95,Normal Operation,Normal
2025-11-05 22:26:21,229.48,1.72,394.7056,13.42,Normal Operation,Normal
2025-11-05 22:26:21,230.89,1.58,364.8062,15.17,Normal Operation,Normal
2025-11-05 22:26:22,231.94,0.84,194.8296,12.46,Normal Operation,Normal
2025-11-05 22:26:23,228.06,0.9,205.25400000000002,16.28,Normal Operation,Normal
2025-11-05 22:26:23,230.79,1.58,364.64820000000003,13.16,Normal Operation,Normal
2025-11-05 22:26:24,230.0,1.24,285.2,16.58,Normal Operation,Normal
2025-11-05 22:26:25,229.76,1.41,323.9616,14.73,Normal Operation,Normal
2025-11-05 22:26:25,231.28,9.92,2294.2976,16.15,Normal Operation,Normal
2025-11-05 22:26:26,229.71,1.28,294.0288,14.02,Normal Operation,Normal
2025-11-05 22:26:26,229.4,0.8,183.52,15.27,Normal Operation,Normal
2025-11-05 22:26:27,231.54,0.89,206.07059999999998,14.55,Normal Operation,Normal
2025-11-05 22:26:27,229.29,0.66,151.3314,13.65,Normal Operation,Normal
2025-11-05 22:26:28,229.35,1.59,364.6665,14.3,Normal Operation,Normal
2025-11-05 22:26:28,230.22,1.42,326.9124,15.81,Normal Operation,Normal
2025-11-05 22:26:30,231.79,1.64,380.13559999999995,12.79,Normal Operation,Normal
2025-11-05 22:26:31,231.13,0.97,224.1961,14.84,Normal Operation,Normal
2025-11-05 22:26:32,229.72,0.86,197.5592,17.54,Normal Operation,Normal
2025-11-05 22:26:32,229.28,1.14,261.37919999999997,15.41,Normal Operation,Normal
2025-11-05 22:26:33,229.4,0.76,174.344,12.64,Normal Operation,Normal
2025-11-05 22:26:33,231.21,1.34,309.82140000000004,15.61,Normal Operation,Normal
2025-11-05 22:26:34,229.4,0.82,188.108,16.43,Normal Operation,Normal
2025-11-05 22:26:34,231.7,0.68,157.556,15.2,Normal Operation,Normal
2025-11-05 22:26:35,228.5,1.48,338.18,16.4,Normal Operation,Normal
2025-11-05 22:26:36,228.3,1.76,401.80800000000005,16.74,Normal Operation,Normal
2025-11-05 22:26:36,229.48,1.53,351.1044,14.59,Normal Operation,Normal
2025-11-05 22:26:37,229.39,1.23,282.1497,17.13,Normal Operation,Normal
2025-11-05 22:26:37,228.82,0.72,164.75039999999998,13.15,Normal Operation,Normal
2025-11-05 22:26:38,229.98,0.68,156.3864,12.03,Normal Operation,Normal
2025-11-05 22:26:38,229.14,1.07,245.1798,14.83,Normal Operation,Normal
2025-11-05 22:26:39,231.58,1.6,370.528,12.45,Normal Operation,Normal
2025-11-05 22:26:40,231.34,1.7,393.278,15.96,Normal Operation,Normal
2025-11-05 22:26:41,230.04,1.08,248.44320000000002,13.53,Normal Operation,Normal
2025-11-05 22:26:42,231.05,0.78,180.21900000000002,13.66,Normal Operation,Normal
2025-11-05 22:26:42,229.04,1.2,274.84799999999996,17.98,Normal Operation,Normal
2025-11-05 22:26:43,231.83,0.67,155.32610000000003,12.27,Normal Operation,Normal
2025-11-05 22:26:43,230.83,0.97,223.9051,16.63,Normal Operation,Normal
2025-11-05 22:26:44,231.87,1.38,319.9806,17.77,Normal Operation,Normal
2025-11-05 22:26:44,230.19,0.76,174.9444,12.65,Normal Operation,Normal
2025-11-05 22:26:45,230.06,0.82,188.64919999999998,13.4,Normal Operation,Normal
2025-11-05 22:26:46,230.44,1.3,299.572,13.8,Normal Operation,Normal
2025-11-05 22:26:47,229.71,1.13,259.5723,16.29,Normal Operation,Normal
2025-11-05 22:26:47,230.38,1.35,311.01300000000003,13.33,Normal Operation,Normal
2025-11-05 22:26:48,230.26,0.71,163.48459999999997,15.93,Normal Operation,Normal
2025-11-05 22:26:48,231.69,0.64,148.2816,15.17,Normal Operation,Normal
2025-11-05 22:26:49,231.86,1.29,299.0994,15.76,Normal Operation,Normal
2025-11-05 22:26:49,229.38,1.61,369.3018,14.6,Normal Operation,Normal
2025-11-05 22:26:50,228.05,0.98,223.489,14.5,Normal Operation,Normal
2025-11-05 22:26:51,228.76,0.96,219.60959999999997,17.55,Normal Operation,Normal
2025-11-05 22:26:51,228.49,0.78,178.22220000000002,16.86,Normal Operation,Normal
2025-11-05 22:26:52,228.42,14.79,3378.3317999999995,13.58,Normal Operation,Normal
2025-11-05 22:26:53,230.17,0.97,223.26489999999998,12.12,Normal Operation,Normal
2025-11-05 22:26:54,229.3,0.93,213.24900000000002,13.05,Normal Operation,Normal
2025-11-05 22:26:54,231.78,1.17,271.1826,17.08,Normal Operation,Normal
2025-11-05 22:26:55,230.43,1.68,387.12239999999997,16.59,Normal Operation,Normal
2025-11-05 22:26:56,228.92,1.35,309.04200000000003,14.72,Normal Operation,Normal
2025-11-05 22:26:56,229.73,1.01,232.0273,15.86,Normal Operation,Normal
2025-11-05 22:26:57,231.83,1.42,329.1986,16.91,Normal Operation,Normal
2025-11-05 22:26:58,228.22,1.3,296.68600000000004,16.78,Normal Operation,Normal
2025-11-05 22:26:58,229.06,0.85,194.701,13.62,Normal Operation,Normal
2025-11-05 22:26:59,231.01,1.21,279.52209999999997,12.57,Normal Operation,Normal
2025-11-05 22:26:59,231.41,1.67,386.4547,17.59,Normal Operation,Normal
2025-11-05 22:27:00,228.7,0.74,169.238,12.75,Normal Operation,Normal
2025-11-05 22:27:01,229.76,1.36,312.47360000000003,16.86,Normal Operation,Normal
2025-11-05 22:27:01,230.29,1.5,345.435,12.25,Normal Operation,Normal
2025-11-05 22:27:02,230.14,1.31,301.4834,14.62,Normal Operation,Normal
2025-11-05 22:27:02,230.84,1.67,385.5028,14.4,Normal Operation,Normal
2025-11-05 22:27:03,228.82,1.78,407.2996,17.71,Normal Operation,Normal
2025-11-05 22:27:03,231.08,0.87,201.0396,15.02,Normal Operation,Normal
2025-11-05 22:27:04,231.79,0.64,148.3456,17.15,Normal Operation,Normal
2025-11-05 22:27:05,228.91,0.82,187.7062,14.1,Normal Operation,Normal
2025-11-05 22:27:05,229.92,1.14,262.1088,13.87,Normal Operation,Normal
2025-11-05 22:27:06,229.28,1.23,282.0144,12.92,Normal Operation,Normal
2025-11-05 22:27:07,228.16,0.63,143.7408,12.31,Normal Operation,Normal
2025-11-05 22:27:07,229.59,1.36,312.24240000000003,13.97,Normal Operation,Normal
2025-11-05 22:27:08,229.18,1.02,233.76360000000003,15.68,Normal Operation,Normal
2025-11-05 22:27:09,230.92,1.21,279.41319999999996,15.38,Normal Operation,Normal
2025-11-05 22:27:09,228.21,1.51,344.5971,12.56,Normal Operation,Normal
2025-11-05 22:27:10,229.96,1.61,370.23560000000003,16.51,Normal Operation,Normal
2025-11-05 22:27:10,229.95,0.72,165.564,14.96,Normal Operation,Normal
2025-11-05 22:27:11,231.82,0.65,150.683,13.66,Normal Operation,Normal
2025-11-05 22:27:12,229.55,1.46,335.14300000000003,16.12,Normal Operation,Normal
2025-11-05 22:27:13,229.5,0.82,188.19,15.4,Normal Operation,Normal
2025-11-05 22:27:14,228.31,1.26,287.6706,16.47,Normal Operation,Normal
2025-11-05 22:27:14,231.79,1.78,412.5862,13.37,Normal Operation,Normal
2025-11-05 22:27:15,228.82,1.17,267.71939999999995,12.46,Normal Operation,Normal
2025-11-05 22:27:15,231.89,13.73,3183.8496999999998,15.17,Normal Operation,Normal
2025-11-05 22:27:16,231.33,1.47,340.05510000000004,14.87,Normal Operation,Normal
2025-11-05 22:27:16,229.68,0.78,179.15040000000002,13.28,Normal Operation,Normal
2025-11-05 22:27:17,228.28,0.93,212.30040000000002,17.16,Normal Operation,Normal
2025-11-05 22:27:18,228.05,1.35,307.86750000000006,15.53,Normal Operation,Normal
2025-11-05 22:27:18,228.77,0.83,189.8791,15.68,Normal Operation,Normal
2025-11-05 22:27:19,228.86,1.31,299.8066,16.3,Normal Operation,Normal
2025-11-05 22:27:19,230.62,1.58,364.37960000000004,16.49,Normal Operation,Normal
2025-11-05 22:27:20,230.66,1.37,316.0042,14.04,Normal Operation,Normal
2025-11-05 22:27:21,230.85,0.84,193.914,15.8,Normal Operation,Normal
2025-11-05 22:27:22,230.52,1.09,251.26680000000002,15.23,Normal Operation,Normal
2025-11-05 22:27:22,231.45,1.25,289.3125,13.62,Normal Operation,Normal
2025-11-05 22:27:23,230.43,0.75,172.8225,12.09,Normal Operation,Normal
2025-11-05 22:27:24,229.53,1.38,316.7514,17.64,Normal Operation,Normal
2025-11-05 22:27:24,228.86,1.24,283.7864,16.46,Normal Operation,Normal
2025-11-05 22:27:25,231.04,1.42,328.0768,16.16,Normal Operation,Normal
2025-11-05 22:27:25,230.26,1.12,257.8912,15.76,Normal Operation,Normal
2025-11-05 22:27:26,229.34,1.72,394.4648,12.21,Normal Operation,Normal
2025-11-05 22:27:27,231.83,1.6,370.92800000000005,13.7,Normal Operation,Normal
2025-11-05 22:27:28,228.63,1.46,333.7998,16.99,Normal Operation,Normal
2025-11-05 22:27:28,230.6,1.04,239.824,13.45,Normal Operation,Normal
2025-11-05 22:27:29,229.91,0.99,227.6109,15.78,Normal Operation,Normal
2025-11-05 22:27:29,228.99,0.61,139.6839,13.19,Normal Operation,Normal
2025-11-05 22:27:31,231.15,1.36,314.36400000000003,16.08,Normal Operation,Normal
2025-11-05 22:27:31,229.79,1.42,326.30179999999996,15.47,Normal Operation,Normal
2025-11-05 22:27:32,230.04,11.98,2755.8792,15.04,Normal Operation,Normal
2025-11-05 22:27:33,231.29,0.67,154.9643,17.9,Normal Operation,Normal
2025-11-05 22:27:34,230.4,1.71,393.984,16.42,Normal Operation,Normal
2025-11-05 22:27:34,230.15,0.92,211.73800000000003,16.33,Normal Operation,Normal
2025-11-05 22:27:35,231.81,11.87,2751.5847,17.63,Normal Operation,Normal
2025-11-05 22:27:36,231.03,1.76,406.6128,16.36,Normal Operation,Normal
2025-11-05 22:27:37,231.22,1.59,367.63980000000004,15.49,Normal Operation,Normal
2025-11-05 22:27:38,229.38,1.31,300.4878,12.25,Normal Operation,Normal
2025-11-05 22:27:38,231.43,0.85,196.7155,12.48,Normal Operation,Normal
2025-11-05 22:27:39,231.04,1.14,263.38559999999995,16.2,Normal Operation,Normal
2025-11-05 22:27:41,230.19,1.73,398.2287,16.04,Normal Operation,Normal
2025-11-05 22:27:41,229.81,1.4,321.734,16.37,Normal Operation,Normal
2025-11-05 22:27:42,229.54,0.69,158.38259999999997,17.13,Normal Operation,Normal
2025-11-05 22:27:42,231.19,0.95,219.63049999999998,15.8,Normal Operation,Normal
2025-11-05 22:27:43,229.65,1.69,388.1085,15.67,Normal Operation,Normal
2025-11-05 22:27:43,230.16,1.52,349.8432,12.53,Normal Operation,Normal
2025-11-05 22:27:45,228.03,1.12,255.39360000000002,17.45,Normal Operation,Normal
2025-11-05 22:27:45,229.31,1.1,252.241,13.02,Normal Operation,Normal
2025-11-05 22:27:46,231.69,1.65,382.2885,14.19,Normal Operation,Normal
2025-11-05 22:27:46,229.69,1.48,339.9412,14.0,Normal Operation,Normal
2025-11-05 22:27:47,228.73,1.65,377.4045,13.53,Normal Operation,Normal
2025-11-05 22:27:47,228.38,1.25,285.475,17.53,Normal Operation,Normal
2025-11-05 22:27:48,231.88,1.44,333.9072,13.38,Normal Operation,Normal
2025-11-05 22:27:49,228.69,0.83,189.81269999999998,16.01,Normal Operation,Normal
2025-11-05 22:27:49,229.87,0.79,181.59730000000002,12.68,Normal Operation,Normal
2025-11-05 22:27:50,228.8,1.51,345.488,16.8,Normal Operation,Normal
2025-11-05 22:27:51,229.19,1.01,231.4819,14.39,Normal Operation,Normal
2025-11-05 22:27:51,228.19,1.65,376.51349999999996,13.72,Normal Operation,Normal
2025-11-05 22:27:52,231.93,1.29,299.1897,17.31,Normal Operation,Normal
2025-11-05 22:27:52,231.99,0.61,141.5139,13.48,Normal Operation,Normal
2025-11-05 22:27:53,229.31,1.03,236.1893,14.64,Normal Operation,Normal
2025-11-05 22:27:54,231.16,1.75,404.53,14.16,Normal Operation,Normal
2025-11-05 22:27:54,228.78,1.19,272.2482,13.24,Normal Operation,Normal
2025-11-05 22:27:55,228.79,1.5,343.185,14.31,Normal Operation,Normal
2025-11-05 22:27:55,229.96,0.76,174.7696,16.14,Normal Operation,Normal
2025-11-05 22:27:56,230.41,1.45,334.0945,17.78,Normal Operation,Normal
2025-11-05 22:27:56,231.6,1.42,328.87199999999996,16.18,Normal Operation,Normal
2025-11-05 22:27:58,228.03,1.79,408.1737,16.14,Normal Operation,Normal
2025-11-05 22:27:58,230.13,1.23,283.05989999999997,17.55,Normal Operation,Normal
2025-11-05 22:27:59,228.47,0.78,178.2066,12.59,Normal Operation,Normal
2025-11-05 22:27:59,231.52,0.95,219.944,13.32,Normal Operation,Normal
2025-11-05 22:28:00,230.88,1.05,242.424,16.07,Normal Operation,Normal
2025-11-05 22:28:00,229.72,1.17,268.7724,12.97,Normal Operation,Normal
2025-11-05 22:28:01,231.45,1.03,238.3935,13.57,Normal Operation,Normal
2025-11-05 22:28:01,231.59,0.96,222.3264,17.27,Normal Operation,Normal
2025-11-05 22:28:02,231.17,0.62,143.3254,17.43,Normal Operation,Normal
2025-11-05 22:28:03,231.59,1.28,296.4352,14.94,Normal Operation,Normal
2025-11-05 22:28:04,230.58,0.72,166.01760000000002,12.82,Normal Operation,Normal
2025-11-05 22:28:04,230.28,0.99,227.9772,16.25,Normal Operation,Normal
2025-11-05 22:28:05,228.05,1.63,371.7215,12.29,Normal Operation,Normal
2025-11-05 22:28:06,228.1,1.23,280.563,14.19,Normal Operation,Normal
2025-11-05 22:28:07,231.78,0.87,201.6486,17.31,Normal Operation,Normal
2025-11-05 22:28:07,228.15,1.54,351.351,13.09,Normal Operation,Normal
2025-11-05 22:28:08,229.45,0.87,199.6215,13.35,Normal Operation,Normal
2025-11-05 22:28:08,229.13,1.79,410.1427,12.89,Normal Operation,Normal
2025-11-05 22:28:09,231.58,1.35,312.63300000000004,17.2,Normal Operation,Normal
2025-11-05 22:28:09,230.66,1.34,309.0844,15.75,Normal Operation,Normal
2025-11-05 22:28:10,230.37,1.21,278.7477,15.83,Normal Operation,Normal
2025-11-05 22:28:10,228.27,1.33,303.5991,12.63,Normal Operation,Normal
2025-11-05 22:28:11,228.67,1.59,363.5853,13.99,Normal Operation,Normal
2025-11-05 22:28:12,229.48,0.82,188.1736,16.18,Normal Operation,Normal
2025-11-05 22:28:13,228.29,1.01,230.5729,15.62,Normal Operation,Normal
2025-11-05 22:28:13,228.65,1.57,358.9805,14.25,Normal Operation,Normal
2025-11-05 22:28:14,230.73,0.83,191.50589999999997,12.8,Normal Operation,Normal
2025-11-05 22:28:14,229.08,1.79,410.0532,14.59,Normal Operation,Normal
2025-11-05 22:28:16,228.72,1.45,331.644,13.12,Normal Operation,Normal
2025-11-05 22:28:16,230.32,1.72,396.1504,14.03,Normal Operation,Normal
2025-11-05 22:28:17,230.81,0.73,168.4913,17.13,Normal Operation,Normal
2025-11-05 22:28:17,229.69,0.82,188.3458,12.23,Normal Operation,Normal
2025-11-05 22:28:18,229.41,1.5,344.115,15.37,Normal Operation,Normal
2025-11-05 22:28:18,228.79,1.08,247.0932,12.44,Normal Operation,Normal
2025-11-05 22:28:19,229.75,0.72,165.42,17.76,Normal Operation,Normal
2025-11-05 22:28:19,230.69,1.11,256.0659,15.94,Normal Operation,Normal
2025-11-05 22:28:20,230.52,1.7,391.884,13.54,Normal Operation,Normal
2025-11-05 22:28:21,228.13,0.87,198.4731,17.99,Normal Operation,Normal
2025-11-05 22:28:21,229.67,0.9,206.703,12.5,Normal Operation,Normal
2025-11-05 22:28:22,230.23,0.73,168.06789999999998,14.62,Normal Operation,Normal
2025-11-05 22:28:23,229.0,1.7,389.3,14.22,Normal Operation,Normal
2025-11-05 22:28:23,230.32,1.67,384.63439999999997,12.71,Normal Operation,Normal
2025-11-05 22:28:24,230.17,1.69,388.98729999999995,13.97,Normal Operation,Normal
2025-11-05 22:28:25,228.28,1.44,328.72319999999996,13.1,Normal Operation,Normal
2025-11-05 22:28:25,228.56,1.46,333.6976,16.49,Normal Operation,Normal
2025-11-05 22:28:26,231.16,11.82,2732.3112,17.36,Normal Operation,Normal
2025-11-05 22:28:26,229.28,0.99,226.9872,12.52,Normal Operation,Normal
2025-11-05 22:28:27,229.69,1.3,298.597,16.56,Normal Operation,Normal
2025-11-05 22:28:28,231.26,1.77,409.3302,15.45,Normal Operation,Normal
2025-11-05 22:28:28,231.6,0.88,203.808,15.76,Normal Operation,Normal
2025-11-05 22:28:29,230.44,1.5,345.65999999999997,14.25,Normal Operation,Normal
2025-11-05 22:28:30,228.33,1.72,392.7276,16.17,Normal Operation,Normal
2025-11-05 22:28:30,231.67,0.8,185.336,16.79,Normal Operation,Normal
2025-11-05 22:28:31,228.34,1.77,404.1618,15.83,Normal Operation,Normal
2025-11-05 22:28:31,229.26,1.06,243.0156,15.29,Normal Operation,Normal
2025-11-05 22:28:32,231.06,1.68,388.1808,16.59,Normal Operation,Normal
2025-11-05 22:28:32,231.63,1.56,361.3428,17.04,Normal Operation,Normal
2025-11-05 22:28:33,230.92,0.74,170.8808,15.8,Normal Operation,Normal
2025-11-05 22:28:34,230.92,1.73,399.49159999999995,13.66,Normal Operation,Normal
2025-11-05 22:28:35,230.75,1.28,295.36,16.02,Normal Operation,Normal
2025-11-05 22:28:36,231.68,1.38,319.7184,16.29,Normal Operation,Normal
2025-11-05 22:28:36,231.6,1.22,282.55199999999996,16.47,Normal Operation,Normal
2025-11-05 22:28:37,229.16,0.77,176.4532,12.44,Normal Operation,Normal
2025-11-05 22:28:37,230.17,1.72,395.89239999999995,16.92,Normal Operation,Normal
2025-11-05 22:28:38,230.28,1.11,255.6108,16.91,Normal Operation,Normal
2025-11-05 22:28:39,231.74,1.65,382.371,13.35,Normal Operation,Normal
2025-11-05 22:28:40,228.35,0.71,162.12849999999997,13.5,Normal Operation,Normal
2025-11-05 22:28:40,230.76,8.72,2012.2272,14.55,Normal Operation,Normal
2025-11-05 22:28:41,231.72,1.31,303.5532,16.99,Normal Operation,Normal
2025-11-05 22:28:41,231.14,1.31,302.7934,16.4,Normal Operation,Normal
2025-11-05 22:28:42,229.05,0.67,153.4635,15.3,Normal Operation,Normal
2025-11-05 22:28:43,228.96,0.85,194.616,12.81,Normal Operation,Normal
2025-11-05 22:28:43,229.2,1.67,382.76399999999995,17.04,Normal Operation,Normal
2025-11-05 22:28:44,230.61,0.98,225.9978,15.98,Normal Operation,Normal
2025-11-05 22:28:45,228.82,1.3,297.466,12.93,Normal Operation,Normal
2025-11-05 22:28:45,229.24,1.01,231.53240000000002,17.34,Normal Operation,Normal
2025-11-05 22:28:47,228.39,1.02,232.9578,12.74,Normal Operation,Normal
2025-11-05 22:28:48,228.41,1.38,315.20579999999995,12.1,Normal Operation,Normal
2025-11-05 22:28:48,228.76,1.66,379.74159999999995,16.92,Normal Operation,Normal
2025-11-05 22:28:49,228.79,1.39,318.01809999999995,15.27,Normal Operation,Normal
2025-11-05 22:28:49,229.33,0.76,174.29080000000002,12.13,Normal Operation,Normal
2025-11-05 22:28:50,231.39,0.93,215.1927,16.43,Normal Operation,Normal
2025-11-05 22:28:50,230.86,1.13,260.8718,17.04,Normal Operation,Normal
2025-11-05 22:28:51,228.15,0.66,150.579,15.46,Normal Operation,Normal
2025-11-05 22:28:52,229.81,0.95,218.3195,13.1,Normal Operation,Normal
2025-11-05 22:28:52,231.71,1.48,342.93080000000003,12.38,Normal Operation,Normal
2025-11-05 22:28:53,231.05,1.24,286.502,17.47,Normal Operation,Normal
2025-11-05 22:28:53,230.03,1.42,326.64259999999996,17.06,Normal Operation,Normal
2025-11-05 22:28:54,230.01,1.78,409.4178,16.15,Normal Operation,Normal
2025-11-05 22:28:55,228.95,1.64,375.47799999999995,14.53,Normal Operation,Normal
2025-11-05 22:28:55,229.89,1.45,333.34049999999996,12.23,Normal Operation,Normal
2025-11-05 22:28:56,231.55,1.75,405.21250000000003,15.37,Normal Operation,Normal
2025-11-05 22:28:57,229.47,1.75,401.5725,17.62,Normal Operation,Normal
2025-11-05 22:28:57,229.71,1.43,328.4853,17.16,Normal Operation,Normal
2025-11-05 22:28:58,231.46,1.6,370.336,15.96,Normal Operation,Normal
2025-11-05 22:28:58,229.37,0.91,208.72670000000002,14.55,Normal Operation,Normal
2025-11-05 22:28:59,228.71,1.79,409.39090000000004,12.44,Normal Operation,Normal
2025-11-05 22:28:59,231.95,1.6,371.12,13.07,Normal Operation,Normal
2025-11-05 22:29:00,228.92,0.93,212.8956,15.09,Normal Operation,Normal
2025-11-05 22:29:01,228.93,0.98,224.3514,16.39,Normal Operation,Normal
2025-11-05 22:29:01,230.95,1.54,355.663,13.61,Normal Operation,Normal
2025-11-05 22:29:02,231.25,1.32,305.25,12.5,Normal Operation,Normal
2025-11-05 22:29:02,230.05,0.93,213.94650000000001,17.83,Normal Operation,Normal
2025-11-05 22:29:03,230.6,1.2,276.71999999999997,17.49,Normal Operation,Normal
2025-11-05 22:29:03,230.65,1.05,242.1825,12.95,Normal Operation,Normal
2025-11-05 22:29:04,230.82,1.78,410.8596,13.66,Normal Operation,Normal
2025-11-05 22:29:05,231.58,1.02,236.2116,14.46,Normal Operation,Normal
2025-11-05 22:29:05,230.6,1.55,357.43,15.17,Normal Operation,Normal
2025-11-05 22:29:06,231.84,1.17,271.2528,15.4,Normal Operation,Normal
2025-11-05 22:29:06,231.77,0.71,164.5567,14.09,Normal Operation,Normal
2025-11-05 22:29:07,229.32,1.48,339.3936,15.58,Normal Operation,Normal
2025-11-05 22:29:07,230.4,1.25,288.0,14.5,Normal Operation,Normal
2025-11-05 22:29:08,228.79,1.13,258.5327,17.39,Normal Operation,Normal
2025-11-05 22:29:08,230.97,1.48,341.8356,15.52,Normal Operation,Normal
2025-11-05 22:29:09,230.61,1.08,249.05880000000002,17.93,Normal Operation,Normal
2025-11-05 22:29:10,229.76,1.56,358.4256,17.69,Normal Operation,Normal
2025-11-05 22:29:10,229.8,1.05,241.29000000000002,17.71,Normal Operation,Normal
2025-11-05 22:29:11,228.33,0.68,155.26440000000002,17.13,Normal Operation,Normal
2025-11-05 22:29:12,229.37,1.05,240.8385,14.93,Normal Operation,Normal
2025-11-05 22:29:12,229.27,1.58,362.24660000000006,17.27,Normal Operation,Normal
2025-11-05 22:29:13,230.48,0.69,159.03119999999998,15.28,Normal Operation,Normal
2025-11-05 22:29:14,230.71,1.16,267.6236,16.18,Normal Operation,Normal
2025-11-05 22:29:14,229.64,1.23,282.4572,16.8,Normal Operation,Normal
2025-11-05 22:29:15,230.89,1.59,367.1151,17.19,Normal Operation,Normal
2025-11-05 22:29:16,231.25,1.18,272.875,12.62,Normal Operation,Normal
2025-11-05 22:29:16,229.49,1.53,351.1197,15.71,Normal Operation,Normal
2025-11-05 22:29:17,231.87,1.47,340.8489,14.18,Normal Operation,Normal
2025-11-05 22:29:17,229.74,0.71,163.1154,15.65,Normal Operation,Normal
2025-11-05 22:29:18,231.1,0.8,184.88,13.89,Normal Operation,Normal
2025-11-05 22:29:19,231.04,1.41,325.7664,12.6,Normal Operation,Normal
2025-11-05 22:29:19,231.46,1.32,305.52720000000005,15.43,Normal Operation,Normal
2025-11-05 22:29:20,228.15,1.09,248.68350000000004,16.71,Normal Operation,Normal
2025-11-05 22:29:21,231.57,1.36,314.9352,14.95,Normal Operation,Normal
2025-11-05 22:29:21,229.87,1.36,312.62320000000005,16.91,Normal Operation,Normal
2025-11-05 22:29:22,228.44,1.09,248.99960000000002,12.44,Normal Operation,Normal
2025-11-05 22:29:23,229.87,0.97,222.9739,14.63,Normal Operation,Normal
2025-11-05 22:29:25,230.18,0.7,161.126,16.17,Normal Operation,Normal
2025-11-05 22:29:25,228.15,10.13,2311.1595,14.07,Normal Operation,Normal
2025-11-05 22:29:26,229.6,0.63,144.648,12.47,Normal Operation,Normal
2025-11-05 22:29:26,231.32,1.01,233.6332,12.91,Normal Operation,Normal
2025-11-05 22:29:27,228.99,0.82,187.77179999999998,15.32,Normal Operation,Normal
2025-11-05 22:38:49,228.99,11.04,2528.0496,17.71,Normal Operation,Normal
2025-11-05 22:38:49,228.75,1.13,258.48749999999995,14.91,Normal Operation,Normal
2025-11-05 22:38:50,228.92,0.74,169.40079999999998,14.3,Normal Operation,Normal
2025-11-05 22:38:50,228.6,0.89,203.454,13.98,Normal Operation,Normal
2025-11-05 22:38:51,228.69,1.53,349.8957,14.85,Normal Operation,Normal
2025-11-05 22:38:51,229.2,1.57,359.844,15.89,Normal Operation,Normal
2025-11-05 22:38:53,231.27,1.25,289.08750000000003,16.85,Normal Operation,Normal
2025-11-05 22:38:53,231.09,1.19,274.9971,13.08,Normal Operation,Normal
2025-11-05 22:38:54,230.07,1.04,239.2728,13.52,Normal Operation,Normal
2025-11-05 22:38:54,230.72,1.76,406.0672,12.89,Normal Operation,Normal
2025-11-05 22:38:55,231.54,0.83,192.17819999999998,16.1,Normal Operation,Normal
2025-11-05 22:38:56,231.39,1.21,279.9819,17.01,Normal Operation,Normal
2025-11-05 22:38:57,230.94,1.47,339.48179999999996,15.25,Normal Operation,Normal
2025-11-05 22:38:57,231.58,0.66,152.8428,15.26,Normal Operation,Normal
2025-11-05 22:38:58,230.55,1.16,267.438,17.58,Normal Operation,Normal
2025-11-05 22:38:58,231.93,0.85,197.1405,13.41,Normal Operation,Normal
2025-11-05 22:38:59,228.82,1.53,350.0946,16.19,Normal Operation,Normal
2025-11-05 22:39:00,231.72,1.06,245.6232,15.13,Normal Operation,Normal
2025-11-05 22:39:01,229.81,1.35,310.24350000000004,17.38,Normal Operation,Normal
2025-11-05 22:39:01,230.11,0.86,197.8946,15.3,Normal Operation,Normal
2025-11-05 22:39:02,229.66,1.3,298.558,17.81,Normal Operation,Normal
2025-11-05 22:39:03,230.53,1.48,341.1844,13.85,Normal Operation,Normal
2025-11-05 22:39:03,228.34,1.31,299.1254,17.18,Normal Operation,Normal
2025-11-05 22:39:04,228.78,1.05,240.21900000000002,16.46,Normal Operation,Normal
2025-11-05 22:39:04,230.67,1.37,316.0179,13.62,Normal Operation,Normal
2025-11-05 22:39:05,231.55,1.29,298.6995,14.29,Normal Operation,Normal
2025-11-05 22:39:05,230.09,1.07,246.1963,13.61,Normal Operation,Normal
2025-11-05 22:39:06,231.59,0.78,180.64020000000002,16.3,Normal Operation,Normal
2025-11-05 22:39:07,228.93,1.79,409.78470000000004,16.65,Normal Operation,Normal
2025-11-05 22:39:07,230.93,1.72,397.19960000000003,14.27,Normal Operation,Normal
2025-11-05 22:39:08,230.95,0.82,189.379,15.41,Normal Operation,Normal
2025-11-05 22:39:08,229.95,1.67,384.01649999999995,17.59,Normal Operation,Normal
2025-11-05 22:39:09,228.54,0.94,214.8276,14.04,Normal Operation,Normal
2025-11-05 22:39:09,229.45,0.87,199.6215,17.29,Normal Operation,Normal
2025-11-05 22:39:10,229.51,0.63,144.5913,13.7,Normal Operation,Normal
2025-11-05 22:39:10,231.8,1.05,243.39000000000001,16.06,Normal Operation,Normal
2025-11-05 22:39:11,228.34,0.81,184.95540000000003,15.2,Normal Operation,Normal
2025-11-05 22:39:12,228.05,1.15,262.2575,13.44,Normal Operation,Normal
2025-11-05 22:39:12,230.02,1.73,397.9346,16.11,Normal Operation,Normal
2025-11-05 22:39:13,231.67,1.13,261.78709999999995,16.29,Normal Operation,Normal
2025-11-05 22:39:14,230.35,1.03,237.2605,16.44,Normal Operation,Normal
2025-11-05 22:39:14,229.73,1.22,280.2706,14.97,Normal Operation,Normal
2025-11-05 22:39:15,230.56,1.45,334.312,16.35,Normal Operation,Normal
2025-11-05 22:39:16,229.02,1.27,290.85540000000003,14.33,Normal Operation,Normal
2025-11-05 22:39:17,229.01,1.66,380.15659999999997,13.97,Normal Operation,Normal
2025-11-05 22:39:17,229.43,1.02,234.01860000000002,16.36,Normal Operation,Normal
2025-11-05 22:39:18,230.42,1.58,364.0636,13.34,Normal Operation,Normal
2025-11-05 22:39:18,231.82,1.42,329.1844,17.35,Normal Operation,Normal
2025-11-05 22:39:19,230.05,1.01,232.3505,16.84,Normal Operation,Normal
2025-11-05 22:39:19,230.59,1.36,313.60240000000005,15.11,Normal Operation,Normal
2025-11-05 22:39:20,231.28,1.07,247.4696,12.14,Normal Operation,Normal
2025-11-05 22:39:20,231.66,0.8,185.328,12.35,Normal Operation,Normal
2025-11-05 22:39:21,231.0,1.01,233.31,16.1,Normal Operation,Normal
2025-11-05 22:39:22,231.92,1.7,394.26399999999995,16.31,Normal Operation,Normal
2025-11-05 22:39:22,231.3,0.89,205.857,14.45,Normal Operation,Normal
2025-11-05 22:39:23,228.22,1.58,360.5876,16.59,Normal Operation,Normal
2025-11-05 22:39:23,228.75,1.63,372.86249999999995,17.41,Normal Operation,Normal
2025-11-05 22:39:24,228.09,0.86,196.1574,14.98,Normal Operation,Normal
2025-11-05 22:39:24,229.66,1.31,300.8546,14.51,Normal Operation,Normal
2025-11-05 22:39:25,230.2,0.84,193.368,16.57,Normal Operation,Normal
2025-11-05 22:39:26,229.41,0.77,176.6457,14.7,Normal Operation,Normal
2025-11-05 22:39:26,230.13,0.66,151.88580000000002,14.66,Normal Operation,Normal
2025-11-05 22:39:27,229.49,1.77,406.19730000000004,12.08,Normal Operation,Normal
2025-11-05 22:39:27,229.9,1.25,287.375,14.02,Normal Operation,Normal
2025-11-05 22:39:28,229.96,1.3,298.94800000000004,12.99,Normal Operation,Normal
2025-11-05 22:39:28,228.93,0.92,210.61560000000003,13.66,Normal Operation,Normal
2025-11-05 22:39:29,229.84,1.17,268.9128,13.79,Normal Operation,Normal
2025-11-05 22:39:29,228.15,1.13,257.80949999999996,17.62,Normal Operation,Normal
2025-11-05 22:39:30,230.08,1.14,262.2912,17.56,Normal Operation,Normal
2025-11-05 22:39:31,231.49,1.67,386.5883,13.78,Normal Operation,Normal
2025-11-05 22:39:31,229.38,8.53,1956.6113999999998,15.57,Normal Operation,Normal
2025-11-05 22:39:32,228.45,0.91,207.8895,17.81,Normal Operation,Normal
2025-11-05 22:39:32,231.61,9.52,2204.9272,17.01,Normal Operation,Normal
2025-11-05 22:39:33,231.36,1.12,259.12320000000005,14.24,Normal Operation,Normal
2025-11-05 22:39:33,228.9,1.4,320.46,17.68,Normal Operation,Normal
2025-11-05 22:39:34,231.67,1.12,259.4704,12.69,Normal Operation,Normal
2025-11-05 22:39:34,230.54,1.56,359.6424,17.01,Normal Operation,Normal
2025-11-05 22:39:35,229.49,1.18,270.7982,17.4,Normal Operation,Normal
2025-11-05 22:39:36,228.05,1.35,307.86750000000006,12.4,Normal Operation,Normal
2025-11-05 22:39:37,231.56,1.49,345.0244,13.25,Normal Operation,Normal
2025-11-05 22:39:37,228.91,1.2,274.692,16.43,Normal Operation,Normal
2025-11-05 22:39:38,231.97,1.73,401.30809999999997,16.08,Normal Operation,Normal
2025-11-05 22:39:38,228.25,1.36,310.42,14.8,Normal Operation,Normal
2025-11-05 22:39:39,228.81,1.33,304.31730000000005,13.66,Normal Operation,Normal
2025-11-05 22:39:40,229.35,1.31,300.4485,16.75,Normal Operation,Normal
2025-11-05 22:39:41,231.95,0.93,215.7135,13.27,Normal Operation,Normal
2025-11-05 22:39:42,229.79,1.13,259.6627,14.8,Normal Operation,Normal
2025-11-05 22:39:42,230.5,0.79,182.095,15.3,Normal Operation,Normal
2025-11-05 22:39:43,228.05,1.77,403.6485,17.57,Normal Operation,Normal
2025-11-05 22:39:43,228.74,1.5,343.11,17.93,Normal Operation,Normal
2025-11-05 22:39:44,231.39,1.25,289.23749999999995,13.08,Normal Operation,Normal
2025-11-05 22:39:45,229.64,0.62,142.3768,12.95,Normal Operation,Normal
2025-11-05 22:39:46,229.14,1.44,329.9616,12.68,Normal Operation,Normal
2025-11-05 22:39:46,228.4,1.73,395.132,13.41,Normal Operation,Normal
2025-11-05 22:39:47,230.8,1.03,237.72400000000002,15.01,Normal Operation,Normal
2025-11-05 22:39:47,231.88,1.2,278.256,15.91,Normal Operation,Normal
2025-11-05 22:39:48,231.73,1.39,322.1047,16.46,Normal Operation,Normal
2025-11-05 22:39:48,230.07,1.19,273.7833,14.29,Normal Operation,Normal
2025-11-05 22:39:49,229.45,1.49,341.8805,16.5,Normal Operation,Normal
2025-11-05 22:39:50,228.34,1.71,390.4614,14.12,Normal Operation,Normal
2025-11-05 22:39:50,228.61,0.82,187.4602,14.58,Normal Operation,Normal
2025-11-05 22:39:51,230.69,1.13,260.67969999999997,13.25,Normal Operation,Normal
2025-11-05 22:39:51,231.96,9.5,2203.62,17.55,Normal Operation,Normal
2025-11-05 22:39:52,231.25,0.7,161.875,16.83,Normal Operation,Normal
2025-11-05 22:39:52,230.62,0.8,184.496,17.21,Normal Operation,Normal
2025-11-05 22:39:53,229.69,1.35,310.0815,14.41,Normal Operation,Normal
2025-11-05 22:39:54,230.04,0.78,179.4312,16.58,Normal Operation,Normal
2025-11-05 22:39:54,230.34,1.4,322.476,16.16,Normal Operation,Normal
2025-11-05 22:39:55,231.2,1.22,282.06399999999996,15.43,Normal Operation,Normal
2025-11-05 22:39:55,229.47,1.55,355.6785,13.45,Normal Operation,Normal
2025-11-05 22:39:56,229.89,1.07,245.9823,13.29,Normal Operation,Normal
2025-11-05 22:39:57,228.24,1.31,298.99440000000004,14.0,Normal Operation,Normal
2025-11-05 22:39:58,229.73,1.16,266.48679999999996,12.51,Normal Operation,Normal
2025-11-05 22:39:58,230.72,0.61,140.73919999999998,17.15,Normal Operation,Normal
2025-11-05 22:39:59,228.81,0.81,185.33610000000002,16.78,Normal Operation,Normal
2025-11-05 22:39:59,229.73,0.87,199.86509999999998,13.02,Normal Operation,Normal
2025-11-05 22:40:00,230.7,0.64,147.648,14.78,Normal Operation,Normal
2025-11-05 22:40:00,230.64,1.2,276.768,15.93,Normal Operation,Normal
2025-11-05 22:40:01,230.56,1.05,242.08800000000002,14.27,Normal Operation,Normal
2025-11-05 22:40:01,228.91,0.82,187.7062,12.67,Normal Operation,Normal
2025-11-05 22:40:02,230.2,0.9,207.18,13.13,Normal Operation,Normal
2025-11-05 22:40:03,228.68,0.78,178.37040000000002,12.53,Normal Operation,Normal
2025-11-05 22:40:03,231.2,1.62,374.544,13.16,Normal Operation,Normal
2025-11-05 22:40:04,229.43,1.78,408.3854,17.91,Normal Operation,Normal
2025-11-05 22:40:04,231.73,1.35,312.8355,13.77,Normal Operation,Normal
2025-11-05 22:40:05,228.21,1.38,314.9298,17.16,Normal Operation,Normal
2025-11-05 22:40:05,231.37,0.83,192.03709999999998,12.95,Normal Operation,Normal
2025-11-05 22:40:06,230.7,1.49,343.743,15.76,Normal Operation,Normal
2025-11-05 22:40:06,228.2,1.53,349.146,14.97,Normal Operation,Normal
2025-11-05 22:40:07,231.36,1.69,390.9984,14.46,Normal Operation,Normal
2025-11-05 22:40:08,231.89,1.21,280.58689999999996,15.48,Normal Operation,Normal
2025-11-05 22:40:08,229.61,1.07,245.68270000000004,13.83,Normal Operation,Normal
2025-11-05 22:40:09,231.82,1.18,273.5476,15.6,Normal Operation,Normal
2025-11-05 22:40:09,228.82,0.99,226.5318,16.62,Normal Operation,Normal
2025-11-05 22:40:10,231.13,0.93,214.95090000000002,16.42,Normal Operation,Normal
2025-11-05 22:40:10,231.82,1.06,245.7292,13.08,Normal Operation,Normal
2025-11-05 22:40:11,230.94,0.69,159.34859999999998,12.18,Normal Operation,Normal
2025-11-05 22:40:11,228.28,1.22,278.5016,17.59,Normal Operation,Normal
2025-11-05 22:40:12,231.09,1.04,240.33360000000002,16.77,Normal Operation,Normal
2025-11-05 22:40:13,228.28,1.02,232.84560000000002,17.11,Normal Operation,Normal
2025-11-05 22:40:13,231.59,1.31,303.3829,14.27,Normal Operation,Normal
2025-11-05 22:40:14,228.26,1.12,255.65120000000002,13.58,Normal Operation,Normal
2025-11-05 22:40:14,229.28,0.9,206.352,12.58,Normal Operation,Normal
2025-11-05 22:40:15,230.48,1.11,255.83280000000002,16.1,Normal Operation,Normal
2025-11-05 22:40:15,229.47,1.47,337.3209,12.47,Normal Operation,Normal
2025-11-05 22:40:16,230.87,1.23,283.9701,17.05,Normal Operation,Normal
2025-11-05 22:40:17,229.16,1.08,247.49280000000002,13.2,Normal Operation,Normal
2025-11-05 22:40:17,228.36,1.77,404.1972,12.86,Normal Operation,Normal
2025-11-05 22:40:18,229.58,0.67,153.8186,12.79,Normal Operation,Normal
2025-11-05 22:40:19,231.17,1.53,353.6901,13.73,Normal Operation,Normal
2025-11-05 22:40:19,228.26,1.3,296.738,14.73,Normal Operation,Normal
2025-11-05 22:40:20,229.45,1.62,371.709,14.29,Normal Operation,Normal
2025-11-05 22:40:21,229.21,1.73,396.5333,16.27,Normal Operation,Normal
2025-11-05 22:40:21,229.33,1.55,355.46150000000006,16.84,Normal Operation,Normal
2025-11-05 22:40:22,231.23,1.47,339.9081,15.88,Normal Operation,Normal
2025-11-05 22:40:22,229.42,1.07,245.4794,16.34,Normal Operation,Normal
2025-11-05 22:40:23,231.83,1.52,352.38160000000005,17.42,Normal Operation,Normal
2025-11-05 22:40:23,231.33,1.4,323.862,14.13,Normal Operation,Normal
2025-11-05 22:40:24,230.3,0.71,163.513,17.61,Normal Operation,Normal
2025-11-05 22:40:24,230.27,1.62,373.03740000000005,17.88,Normal Operation,Normal
2025-11-05 22:40:25,230.72,0.63,145.3536,17.81,Normal Operation,Normal
2025-11-05 22:40:26,230.84,1.49,343.9516,16.02,Normal Operation,Normal
2025-11-05 22:40:26,230.04,0.79,181.73160000000001,16.34,Normal Operation,Normal
2025-11-05 22:40:27,229.75,0.8,183.8,13.42,Normal Operation,Normal
2025-11-05 22:40:27,228.07,1.14,259.9998,17.68,Normal Operation,Normal
2025-11-05 22:40:28,228.57,0.78,178.2846,14.42,Normal Operation,Normal
2025-11-05 22:40:28,228.38,1.09,248.9342,12.39,Normal Operation,Normal
2025-11-05 22:40:29,228.14,1.69,385.55659999999995,15.51,Normal Operation,Normal
2025-11-05 22:40:30,231.84,1.21,280.5264,17.59,Normal Operation,Normal
2025-11-05 22:40:30,231.06,1.4,323.484,14.57,Normal Operation,Normal
2025-11-05 22:40:31,231.29,1.16,268.29639999999995,16.58,Normal Operation,Normal
2025-11-05 22:40:31,228.76,0.66,150.98160000000001,16.74,Normal Operation,Normal
2025-11-05 22:40:32,228.78,1.71,391.2138,14.22,Normal Operation,Normal
2025-11-05 22:40:32,229.54,1.53,351.1962,14.9,Normal Operation,Normal
2025-11-05 22:40:33,230.78,1.13,260.78139999999996,15.98,Normal Operation,Normal
2025-11-05 22:40:34,228.15,1.07,244.12050000000002,17.66,Normal Operation,Normal
2025-11-05 22:40:34,230.48,1.24,285.79519999999997,15.79,Normal Operation,Normal
2025-11-05 22:40:35,228.52,0.7,159.964,14.87,Normal Operation,Normal
2025-11-05 22:40:35,228.1,1.52,346.712,14.86,Normal Operation,Normal
2025-11-05 22:40:36,228.1,1.42,323.902,14.51,Normal Operation,Normal
2025-11-05 22:40:36,231.44,0.8,185.15200000000002,13.7,Normal Operation,Normal
2025-11-05 22:40:37,229.91,1.56,358.6596,12.79,Normal Operation,Normal
2025-11-05 22:40:38,231.37,0.71,164.2727,14.91,Normal Operation,Normal
2025-11-05 22:40:38,228.15,1.6,365.04,12.85,Normal Operation,Normal
2025-11-05 22:40:39,230.26,0.74,170.39239999999998,12.49,Normal Operation,Normal
2025-11-05 22:40:39,230.05,1.73,397.98650000000004,12.9,Normal Operation,Normal
2025-11-05 22:40:40,228.14,0.99,225.8586,17.86,Normal Operation,Normal
2025-11-05 22:40:40,229.33,1.39,318.76869999999997,14.14,Normal Operation,Normal
2025-11-05 22:40:41,229.52,1.51,346.5752,12.8,Normal Operation,Normal
2025-11-05 22:40:41,230.65,1.6,369.04,15.67,Normal Operation,Normal
2025-11-05 22:40:42,231.35,0.63,145.7505,16.99,Normal Operation,Normal
2025-11-05 22:40:43,231.37,0.86,198.9782,14.29,Normal Operation,Normal
2025-11-05 22:40:44,230.83,0.7,161.581,13.57,Normal Operation,Normal
2025-11-05 22:40:44,231.44,0.79,182.8376,17.88,Normal Operation,Normal
2025-11-05 22:40:45,228.57,1.02,233.1414,17.22,Normal Operation,Normal
2025-11-05 22:40:45,230.19,0.87,200.2653,16.06,Normal Operation,Normal
2025-11-05 22:40:46,231.81,1.13,261.9453,17.62,Normal Operation,Normal
2025-11-05 22:40:46,231.71,1.19,275.7349,16.71,Normal Operation,Normal
2025-11-05 22:51:38,231.49,0.63,145.83870000000002,17.78,Normal Operation,Normal
2025-11-05 22:51:39,229.96,1.32,303.54720000000003,12.17,Normal Operation,Normal
2025-11-05 22:51:39,231.59,1.06,245.48540000000003,15.13,Normal Operation,Normal
2025-11-05 22:51:40,230.91,13.71,3165.7761,15.61,WARNING: High Current Detected! Current: 13.71A,Overload Detected
2025-11-05 22:51:41,228.5,1.17,267.34499999999997,14.57,Normal Operation,Normal
2025-11-05 22:51:41,231.4,1.52,351.728,17.54,Normal Operation,Normal
2025-11-05 22:51:42,228.84,1.02,233.4168,16.94,Normal Operation,Normal
2025-11-05 22:51:42,229.27,0.85,194.8795,15.63,WARNING: Unexpected Power Drop Detected!,Power Mismatch
2025-11-05 22:51:43,229.93,0.96,220.7328,17.12,Normal Operation,Normal
2025-11-05 22:51:43,228.44,1.72,392.91679999999997,14.55,Normal Operation,Normal
2025-11-05 22:51:44,230.91,1.2,277.092,16.99,Normal Operation,Normal
2025-11-05 22:51:44,231.33,0.72,166.5576,14.07,WARNING: Unexpected Power Drop Detected!,Power Mismatch
2025-11-05 22:51:45,231.61,0.91,210.76510000000002,15.15,Normal Operation,Normal
2025-11-05 22:51:45,231.9,0.99,229.58100000000002,15.59,Normal Operation,Normal
2025-11-05 22:51:46,229.39,1.75,401.4325,15.57,Normal Operation,Normal
2025-11-05 22:51:47,231.38,13.26,3068.0987999999998,15.81,WARNING: High Current Detected! Current: 13.26A,Overload Detected
2025-11-05 22:51:47,228.38,1.28,292.3264,15.88,Normal Operation,Normal
2025-11-05 22:51:48,228.23,-1.97,-449.6131,14.37,WARNING: Reverse Power Flow Detected! Current: -1.97A,Reverse Flow
2025-11-05 22:51:48,231.48,0.7,162.03599999999997,12.33,Normal Operation,Normal
2025-11-05 22:51:49,228.96,0.72,164.8512,14.14,Normal Operation,Normal
2025-11-05 22:51:49,231.06,1.61,372.00660000000005,16.65,Normal Operation,Normal
2025-11-05 22:51:50,231.26,1.68,388.5168,14.31,Normal Operation,Normal
2025-11-05 22:51:50,230.2,1.77,407.454,13.81,Normal Operation,Normal
2025-11-05 22:51:51,230.82,0.87,200.8134,16.19,Normal Operation,Normal
2025-11-05 22:51:52,231.19,1.8,416.142,15.22,Normal Operation,Normal
2025-11-05 22:51:52,231.78,1.3,301.314,16.13,Normal Operation,Normal
2025-11-05 22:51:53,228.25,0.67,152.9275,17.72,Normal Operation,Normal
2025-11-05 22:51:53,231.59,-1.21,-280.2239,16.19,WARNING: Reverse Power Flow Detected! Current: -1.21A,Reverse Flow
2025-11-05 22:51:54,231.68,1.36,315.08480000000003,13.56,Normal Operation,Normal
2025-11-05 22:51:54,228.01,0.98,223.44979999999998,13.61,Normal Operation,Normal
2025-11-05 22:51:55,229.36,-1.79,-410.55440000000004,16.11,WARNING: Reverse Power Flow Detected! Current: -1.79A,Reverse Flow
2025-11-05 22:51:55,229.57,1.28,293.8496,13.08,Normal Operation,Normal
2025-11-05 22:51:56,228.35,1.34,305.98900000000003,13.5,Normal Operation,Normal
2025-11-05 22:51:56,228.3,1.66,378.978,14.79,Normal Operation,Normal
2025-11-05 22:51:57,231.88,12.35,2863.718,15.28,WARNING: High Current Detected! Current: 12.35A,Overload Detected
2025-11-05 22:51:58,231.17,1.76,406.8592,15.51,Normal Operation,Normal
2025-11-05 22:51:58,228.18,1.19,271.5342,17.43,Normal Operation,Normal
2025-11-05 22:51:59,231.19,0.69,159.5211,17.36,Normal Operation,Normal
2025-11-05 22:51:59,230.08,1.15,264.592,15.84,Normal Operation,Normal
2025-11-05 22:52:00,228.35,1.14,260.31899999999996,17.03,Normal Operation,Normal
2025-11-05 22:52:00,228.78,0.01,2.2878000000000003,15.89,WARNING: Unexpected Power Drop Detected!,Power Mismatch
2025-11-05 22:52:01,229.14,12.23,2802.3822,12.56,WARNING: High Current Detected! Current: 12.23A,Overload Detected
2025-11-05 22:52:01,229.26,0.97,222.38219999999998,12.97,WARNING: Unexpected Power Drop Detected!,Power Mismatch
2025-11-05 22:52:02,231.96,0.86,199.4856,17.07,WARNING: Unexpected Power Drop Detected!,Power Mismatch
2025-11-05 22:52:03,231.43,12.39,2867.4177000000004,16.23,WARNING: High Current Detected! Current: 12.39A,Overload Detected
2025-11-05 22:52:03,231.64,1.45,335.878,17.01,Normal Operation,Normal
2025-11-05 22:52:04,269.15,1.64,441.40599999999995,17.8,WARNING: Voltage Out of Range: 269.15V,Voltage Anomaly
2025-11-05 22:52:04,231.64,1.55,359.042,12.59,Normal Operation,Normal
2025-11-05 22:52:05,229.89,1.8,413.80199999999996,12.05,Normal Operation,Normal
2025-11-05 22:52:05,228.49,0.84,191.9316,94.77,WARNING: Magnetic Interference Detected! Field: 94.77 G,Magnetic Tamper
2025-11-05 22:52:06,229.22,1.39,318.6158,15.57,Normal Operation,Normal
2025-11-05 22:52:06,230.07,1.21,278.3847,17.15,Normal Operation,Normal
2025-11-05 22:52:07,228.3,12.8,2922.2400000000002,14.74,WARNING: High Current Detected! Current: 12.80A,Overload Detected
2025-11-05 22:52:08,229.36,0.79,181.19440000000003,16.53,WARNING: Unexpected Power Drop Detected!,Power Mismatch
2025-11-05 22:52:08,229.19,1.32,302.5308,15.68,Normal Operation,Normal
2025-11-05 22:52:09,229.94,0.7,160.958,12.47,WARNING: Unexpected Power Drop Detected!,Power Mismatch
2025-11-05 22:52:09,229.74,1.26,289.4724,14.82,Normal Operation,Normal
2025-11-05 22:52:10,231.81,1.26,292.0806,13.55,Normal Operation,Normal
2025-11-05 22:52:10,230.17,8.18,1882.7905999999998,16.52,WARNING: High Current Detected! Current: 8.18A,Overload Detected
2025-11-05 22:52:11,230.04,1.45,333.558,12.51,Normal Operation,Normal
2025-11-05 22:52:11,231.38,1.7,393.346,16.62,Normal Operation,Normal
2025-11-05 22:52:12,228.49,1.35,308.46150000000006,15.82,Normal Operation,Normal
2025-11-05 22:52:12,229.11,1.06,242.85660000000001,14.81,Normal Operation,Normal
2025-11-05 22:52:13,229.26,1.28,293.45279999999997,119.57,WARNING: Magnetic Interference Detected! Field: 119.57 G,Magnetic Tamper
2025-11-05 22:52:14,229.83,1.79,411.39570000000003,15.46,Normal Operation,Normal
2025-11-05 22:52:14,231.56,1.17,270.92519999999996,15.13,Normal Operation,Normal
2025-11-05 22:52:15,228.31,0.95,216.8945,16.13,Normal Operation,Normal
2025-11-05 22:52:15,228.11,0.91,207.58010000000002,17.01,Normal Operation,Normal
2025-11-05 22:52:16,229.62,1.47,337.5414,16.25,Normal Operation,Normal
2025-11-05 22:52:16,229.8,1.5,344.70000000000005,15.57,Normal Operation,Normal
2025-11-05 22:52:17,230.74,0.73,168.4402,14.74,Normal Operation,Normal
2025-11-05 22:52:17,229.31,1.55,355.4305,17.06,Normal Operation,Normal
2025-11-05 22:52:18,228.77,1.71,391.1967,13.83,Normal Operation,Normal
2025-11-05 22:52:18,228.92,1.42,325.0664,13.09,Normal Operation,Normal
2025-11-05 22:52:19,229.61,1.45,332.9345,12.06,Normal Operation,Normal
2025-11-05 22:52:19,229.47,1.64,376.33079999999995,12.44,Normal Operation,Normal
2025-11-05 22:52:20,177.15,1.3,230.29500000000002,16.37,WARNING: Voltage Out of Range: 177.15V,Voltage Anomaly
2025-11-05 22:52:20,229.36,1.65,378.444,16.92,Normal Operation,Normal
2025-11-05 22:52:21,229.05,1.78,407.709,14.08,Normal Operation,Normal
2025-11-05 22:52:22,230.91,1.0,230.91,17.25,Normal Operation,Normal
2025-11-05 22:52:22,230.54,1.39,320.45059999999995,16.0,Normal Operation,Normal
2025-11-05 22:52:23,228.35,0.01,2.2835,17.44,WARNING: Unexpected Power Drop Detected!,Power Mismatch
2025-11-05 22:52:23,231.44,1.31,303.1864,13.68,Normal Operation,Normal
2025-11-05 22:52:24,228.57,-2.95,-674.2815,17.4,WARNING: Reverse Power Flow Detected! Current: -2.95A,Reverse Flow
2025-11-05 22:52:24,228.04,1.67,380.8268,15.61,Normal Operation,Normal
2025-11-05 22:52:25,229.93,1.59,365.5887,14.18,Normal Operation,Normal
2025-11-05 22:52:26,229.01,0.68,155.7268,15.85,Normal Operation,Normal
2025-11-05 22:52:26,230.19,1.72,395.9268,14.12,Normal Operation,Normal
2025-11-05 22:52:27,231.82,0.99,229.5018,17.02,Normal Operation,Normal
2025-11-05 22:52:27,231.79,0.01,2.3179,16.34,WARNING: Unexpected Power Drop Detected!,Power Mismatch
2025-11-05 22:52:28,228.49,1.1,251.33900000000003,17.2,Normal Operation,Normal
2025-11-05 22:52:28,229.99,1.51,347.2849,13.31,Normal Operation,Normal
2025-11-05 22:52:29,228.2,0.96,219.07199999999997,15.42,Normal Operation,Normal
2025-11-05 22:52:29,230.29,0.62,142.7798,14.75,Normal Operation,Normal
2025-11-05 22:52:30,228.8,1.72,393.536,15.68,Normal Operation,Normal
2025-11-05 22:52:31,229.01,0.91,208.3991,14.56,Normal Operation,Normal
2025-11-05 22:52:31,228.79,1.22,279.12379999999996,15.73,Normal Operation,Normal
2025-11-05 22:52:32,228.87,1.52,347.8824,15.55,Normal Operation,Normal
2025-11-05 22:52:32,228.48,11.5,2627.52,13.84,WARNING: High Current Detected! Current: 11.50A,Overload Detected
2025-11-05 22:52:33,231.45,0.88,203.676,14.32,Normal Operation,Normal
2025-11-05 22:52:33,178.31,0.62,110.5522,13.23,WARNING: Voltage Out of Range: 178.31V,Voltage Anomaly
2025-11-05 22:52:34,229.19,0.01,2.2919,15.04,WARNING: Unexpected Power Drop Detected!,Power Mismatch
2025-11-05 22:52:34,230.17,1.48,340.6516,15.85,Normal Operation,Normal
2025-11-05 22:52:35,230.7,1.47,339.12899999999996,14.34,Normal Operation,Normal
2025-11-05 22:52:36,231.32,0.88,203.5616,17.69,Normal Operation,Normal
2025-11-05 22:52:36,229.23,0.92,210.8916,15.32,Normal Operation,Normal
2025-11-05 22:52:37,228.48,0.91,207.9168,113.69,WARNING: Magnetic Interference Detected! Field: 113.69 G,Magnetic Tamper
2025-11-05 22:52:37,231.44,0.88,203.6672,12.19,Normal Operation,Normal
2025-11-05 22:52:38,231.08,1.36,314.26880000000006,12.04,Normal Operation,Normal
2025-11-05 22:52:38,229.22,0.98,224.63559999999998,15.95,Normal Operation,Normal
2025-11-05 22:52:39,228.9,1.09,249.50100000000003,12.91,Normal Operation,Normal
2025-11-05 22:52:39,231.18,1.29,298.22220000000004,13.07,Normal Operation,Normal
2025-11-05 22:52:40,231.81,1.49,345.3969,14.05,Normal Operation,Normal
2025-11-05 22:52:40,231.03,1.38,318.8214,17.83,Normal Operation,Normal
2025-11-05 22:52:41,231.41,0.75,173.5575,17.93,Normal Operation,Normal
2025-11-05 22:52:41,231.15,0.71,164.1165,14.58,Normal Operation,Normal
2025-11-05 22:52:42,230.89,1.8,415.602,12.73,Normal Operation,Normal
2025-11-05 22:52:42,229.01,1.54,352.67539999999997,13.96,Normal Operation,Normal
2025-11-05 22:52:43,230.07,0.75,172.5525,15.91,Normal Operation,Normal
2025-11-05 22:52:44,230.76,1.18,272.29679999999996,17.8,Normal Operation,Normal
2025-11-05 22:52:44,231.57,1.65,382.09049999999996,15.59,Normal Operation,Normal
2025-11-05 22:52:45,229.11,0.99,226.8189,14.04,Normal Operation,Normal
2025-11-05 22:52:45,230.5,-1.23,-283.515,13.12,WARNING: Reverse Power Flow Detected! Current: -1.23A,Reverse Flow
2025-11-05 22:52:46,231.12,0.98,226.4976,17.28,Normal Operation,Normal
2025-11-05 22:52:46,231.62,1.35,312.687,13.18,Normal Operation,Normal
2025-11-05 22:52:47,231.26,1.12,259.01120000000003,90.97,WARNING: Magnetic Interference Detected! Field: 90.97 G,Magnetic Tamper
2025-11-05 22:52:47,229.0,1.6,366.40000000000003,14.67,Normal Operation,Normal
2025-11-05 22:52:48,231.99,0.86,199.5114,15.45,Normal Operation,Normal
2025-11-05 22:52:49,231.68,0.87,201.5616,13.86,Normal Operation,Normal
2025-11-05 22:52:49,229.41,8.8,2018.8080000000002,16.28,WARNING: High Current Detected! Current: 8.80A,Overload Detected
2025-11-05 22:52:50,230.56,0.65,149.864,12.42,Normal Operation,Normal
2025-11-05 22:52:50,259.9,1.67,434.03299999999996,13.04,WARNING: Voltage Out of Range: 259.90V,Voltage Anomaly
2025-11-05 22:52:51,228.29,1.24,283.07959999999997,15.73,Normal Operation,Normal
2025-11-05 22:52:52,231.73,0.67,155.2591,12.72,Normal Operation,Normal
2025-11-05 22:52:52,230.51,1.65,380.34149999999994,12.23,Normal Operation,Normal
2025-11-05 22:52:53,230.42,1.27,292.6334,13.15,Normal Operation,Normal
2025-11-05 22:52:53,229.14,1.19,272.67659999999995,14.39,Normal Operation,Normal
2025-11-05 22:52:54,231.86,0.67,155.3462,15.44,Normal Operation,Normal
2025-11-05 22:52:54,231.72,1.36,315.1392,17.73,Normal Operation,Normal
2025-11-05 22:52:55,228.18,-2.49,-568.1682000000001,17.56,WARNING: Reverse Power Flow Detected! Current: -2.49A,Reverse Flow
2025-11-05 22:52:56,228.15,1.43,326.2545,16.35,Normal Operation,Normal
2025-11-05 22:52:56,231.78,1.18,273.5004,17.11,Normal Operation,Normal
2025-11-05 22:52:57,231.97,0.01,2.3197,15.49,WARNING: Unexpected Power Drop Detected!,Power Mismatch
2025-11-05 22:52:57,229.33,1.14,261.4362,14.44,Normal Operation,Normal
2025-11-05 22:52:58,228.97,14.22,3255.9534000000003,14.96,WARNING: High Current Detected! Current: 14.22A,Overload Detected
2025-11-05 22:52:58,231.27,1.29,298.3383,12.24,Normal Operation,Normal
2025-11-05 22:52:59,231.66,0.9,208.494,17.01,Normal Operation,Normal
2025-11-05 22:53:00,228.08,1.45,330.716,16.06,Normal Operation,Normal
2025-11-05 22:53:00,231.99,1.71,396.7029,12.7,Normal Operation,Normal
2025-11-05 22:53:01,229.85,1.4,321.78999999999996,16.76,Normal Operation,Normal
2025-11-05 22:53:01,231.07,0.71,164.0597,13.37,WARNING: Unexpected Power Drop Detected!,Power Mismatch
2025-11-05 22:53:02,170.16,0.7,119.112,13.4,WARNING: Voltage Out of Range: 170.16V,Voltage Anomaly
2025-11-05 22:53:02,230.46,1.2,276.552,15.98,Normal Operation,Normal
2025-11-05 22:53:03,228.73,-2.93,-670.1789,15.8,WARNING: Reverse Power Flow Detected! Current: -2.93A,Reverse Flow
2025-11-05 22:53:04,228.58,1.3,297.15400000000005,15.47,Normal Operation,Normal
2025-11-05 22:53:04,228.87,-2.05,-469.1835,13.24,WARNING: Reverse Power Flow Detected! Current: -2.05A,Reverse Flow
2025-11-05 22:53:05,228.41,1.46,333.4786,14.0,Normal Operation,Normal
2025-11-05 22:53:05,231.9,1.53,354.807,17.6,Normal Operation,Normal
2025-11-05 22:53:06,228.46,1.78,406.65880000000004,13.36,Normal Operation,Normal
2025-11-05 22:53:06,230.31,1.47,338.5557,13.83,Normal Operation,Normal
2025-11-05 22:53:07,229.91,0.65,149.4415,15.33,Normal Operation,Normal
2025-11-05 22:53:08,230.2,1.41,324.582,17.88,Normal Operation,Normal
2025-11-05 22:53:08,228.07,1.51,344.3857,16.91,Normal Operation,Normal
2025-11-05 22:53:09,230.01,0.95,218.50949999999997,14.84,Normal Operation,Normal
2025-11-05 22:53:09,228.51,0.94,214.7994,17.93,Normal Operation,Normal
2025-11-05 22:53:10,229.95,0.92,211.554,14.89,Normal Operation,Normal
2025-11-05 22:53:11,229.1,1.09,249.71900000000002,15.0,Normal Operation,Normal
2025-11-05 22:53:11,231.11,0.61,140.9771,14.15,Normal Operation,Normal
2025-11-05 22:53:12,230.83,0.02,4.6166,17.57,WARNING: Unexpected Power Drop Detected!,Power Mismatch
2025-11-05 22:53:12,231.66,0.72,166.7952,17.83,Normal Operation,Normal
2025-11-05 22:53:13,229.93,1.36,312.70480000000003,17.05,Normal Operation,Normal
2025-11-05 22:53:14,230.74,1.39,320.7286,14.67,Normal Operation,Normal
2025-11-05 22:53:14,228.74,1.75,400.295,14.38,Normal Operation,Normal
2025-11-05 22:53:15,231.29,0.88,203.5352,13.87,Normal Operation,Normal
2025-11-05 22:53:15,231.44,1.7,393.448,16.93,Normal Operation,Normal
2025-11-05 22:53:16,230.19,0.88,202.56719999999999,17.77,Normal Operation,Normal
2025-11-05 22:53:16,229.22,0.61,139.8242,13.11,Normal Operation,Normal
2025-11-05 22:53:17,231.48,0.9,208.332,17.94,Normal Operation,Normal
2025-11-05 22:53:18,228.31,0.69,157.5339,12.01,Normal Operation,Normal
2025-11-05 22:53:18,231.27,0.62,143.3874,14.25,Normal Operation,Normal
2025-11-05 22:53:19,231.51,1.6,370.416,17.39,Normal Operation,Normal
2025-11-05 22:53:19,230.75,1.03,237.6725,12.09,Normal Operation,Normal
2025-11-05 22:53:20,228.03,1.29,294.1587,16.16,Normal Operation,Normal
2025-11-05 22:53:20,231.55,0.83,192.1865,13.21,Normal Operation,Normal
2025-11-05 22:53:21,229.89,0.73,167.81969999999998,13.14,Normal Operation,Normal
2025-11-05 22:53:22,230.64,1.43,329.81519999999995,13.83,Normal Operation,Normal
2025-11-05 22:53:22,229.23,1.75,401.1525,16.38,Normal Operation,Normal
2025-11-05 22:53:23,229.49,0.93,213.4257,14.88,Normal Operation,Normal
2025-11-05 22:53:23,229.44,0.7,160.60799999999998,13.46,Normal Operation,Normal
2025-11-05 22:53:24,230.78,0.0,0.0,12.36,"WARNING: Possible Meter Bypass! Voltage: 230.78V, Current: 0.00A",Bypass Detected
2025-11-05 22:53:25,229.64,1.57,360.5348,16.08,Normal Operation,Normal
2025-11-05 22:53:25,228.29,1.24,283.07959999999997,16.56,Normal Operation,Normal
2025-11-05 22:53:26,231.95,1.32,306.174,14.31,Normal Operation,Normal
2025-11-05 22:53:26,230.3,0.91,209.573,14.99,Normal Operation,Normal
2025-11-05 22:53:27,231.04,0.73,168.6592,15.47,Normal Operation,Normal
2025-11-05 22:53:28,231.27,1.34,309.90180000000004,14.56,Normal Operation,Normal
2025-11-05 22:53:28,230.73,0.83,191.50589999999997,16.57,Normal Operation,Normal
2025-11-05 22:53:29,229.5,0.01,2.295,17.67,WARNING: Unexpected Power Drop Detected!,Power Mismatch
2025-11-05 22:53:29,180.54,1.16,209.42639999999997,14.18,WARNING: Voltage Out of Range: 180.54V,Voltage Anomaly
2025-11-05 22:53:30,231.66,1.07,247.8762,12.22,Normal Operation,Normal
2025-11-05 22:53:30,231.4,1.15,266.11,12.9,Normal Operation,Normal
2025-11-05 22:53:31,229.11,1.59,364.28490000000005,16.28,Normal Operation,Normal
2025-11-05 22:53:31,231.23,0.96,221.9808,14.66,Normal Operation,Normal
2025-11-05 22:53:32,230.38,1.5,345.57,17.23,Normal Operation,Normal
2025-11-05 22:53:32,231.96,1.04,241.2384,13.29,Normal Operation,Normal
2025-11-05 22:53:33,230.81,0.73,168.4913,12.29,Normal Operation,Normal
2025-11-05 22:53:34,230.14,1.61,370.5254,13.14,Normal Operation,Normal
2025-11-05 22:53:34,228.51,1.57,358.7607,12.73,Normal Operation,Normal
2025-11-05 22:53:35,231.25,1.53,353.8125,12.81,Normal Operation,Normal
2025-11-05 22:53:35,229.91,0.97,223.0127,14.44,Normal Operation,Normal
2025-11-05 22:53:36,228.73,1.54,352.2442,17.81,Normal Operation,Normal
2025-11-05 22:53:36,231.45,14.54,3365.2829999999994,12.86,WARNING: High Current Detected! Current: 14.54A,Overload Detected
2025-11-05 22:53:37,228.96,0.72,164.8512,16.0,WARNING: Unexpected Power Drop Detected!,Power Mismatch
2025-11-05 22:53:37,229.95,1.3,298.935,13.18,Normal Operation,Normal
2025-11-05 22:53:38,229.83,1.39,319.4637,13.21,Normal Operation,Normal
2025-11-05 22:53:38,231.72,1.27,294.2844,16.77,Normal Operation,Normal
2025-11-05 22:53:39,228.9,1.43,327.327,88.68,WARNING: Magnetic Interference Detected! Field: 88.68 G,Magnetic Tamper
2025-11-05 22:53:39,229.4,0.0,0.0,13.64,"WARNING: Possible Meter Bypass! Voltage: 229.40V, Current: 0.00A",Bypass Detected
2025-11-05 22:53:40,230.83,1.16,267.76279999999997,13.99,Normal Operation,Normal
2025-11-05 22:53:40,229.17,0.71,162.71069999999997,17.21,WARNING: Unexpected Power Drop Detected!,Power Mismatch
2025-11-05 22:53:41,231.41,0.95,219.8395,13.15,Normal Operation,Normal
2025-11-05 22:53:42,229.77,-1.09,-250.44930000000002,16.84,WARNING: Reverse Power Flow Detected! Current: -1.09A,Reverse Flow
2025-11-05 22:53:42,230.52,-2.17,-500.2284,17.71,WARNING: Reverse Power Flow Detected! Current: -2.17A,Reverse Flow
2025-11-05 22:53:43,229.81,0.65,149.3765,13.51,Normal Operation,Normal
2025-11-05 22:53:43,229.52,0.01,2.2952000000000004,15.34,WARNING: Unexpected Power Drop Detected!,Power Mismatch
2025-11-05 22:53:44,228.26,0.7,159.78199999999998,13.08,Normal Operation,Normal
2025-11-05 22:53:44,229.26,1.0,229.26,14.53,Normal Operation,Normal
2025-11-05 22:53:45,231.24,1.19,275.1756,15.59,Normal Operation,Normal
2025-11-05 22:53:45,229.22,9.45,2166.129,16.02,WARNING: High Current Detected! Current: 9.45A,Overload Detected
2025-11-05 22:53:46,230.22,0.68,156.5496,17.57,Normal Operation,Normal
2025-11-05 22:53:47,230.39,1.03,237.30169999999998,14.24,Normal Operation,Normal
2025-11-05 22:53:47,230.59,0.02,4.611800000000001,15.98,WARNING: Unexpected Power Drop Detected!,Power Mismatch
2025-11-05 22:53:48,229.04,0.93,213.0072,12.89,Normal Operation,Normal
2025-11-05 22:53:48,228.93,0.74,169.4082,14.83,Normal Operation,Normal
2025-11-05 22:53:49,231.96,0.61,141.4956,12.97,Normal Operation,Normal
2025-11-05 22:53:49,229.11,0.89,203.9079,13.17,Normal Operation,Normal
2025-11-05 22:53:50,230.41,0.84,193.5444,14.32,Normal Operation,Normal
2025-11-05 22:53:50,231.49,1.49,344.9201,13.92,Normal Operation,Normal
2025-11-05 22:53:51,230.98,0.73,168.6154,17.7,Normal Operation,Normal
2025-11-05 22:53:52,231.76,1.52,352.2752,12.62,Normal Operation,Normal
2025-11-05 22:53:52,230.67,-2.94,-678.1697999999999,12.66,WARNING: Reverse Power Flow Detected! Current: -2.94A,Reverse Flow
2025-11-05 22:53:53,228.62,1.16,265.19919999999996,15.88,Normal Operation,Normal
2025-11-05 22:53:53,230.34,-1.81,-416.91540000000003,14.74,WARNING: Reverse Power Flow Detected! Current: -1.81A,Reverse Flow
2025-11-05 22:53:54,231.96,-1.77,-410.5692,14.04,WARNING: Reverse Power Flow Detected! Current: -1.77A,Reverse Flow
2025-11-05 22:53:54,230.34,1.78,410.0052,16.32,Normal Operation,Normal
2025-11-05 22:53:55,231.27,1.65,381.5955,17.28,Normal Operation,Normal
2025-11-05 22:53:56,230.46,1.07,246.59220000000002,17.52,Normal Operation,Normal
2025-11-05 22:53:56,230.14,0.01,2.3014,12.12,WARNING: Unexpected Power Drop Detected!,Power Mismatch
2025-11-05 22:53:57,231.9,1.66,384.954,15.62,Normal Operation,Normal
2025-11-05 22:53:57,230.95,1.24,286.378,12.41,Normal Operation,Normal
2025-11-05 22:53:58,230.06,1.21,278.3726,15.97,Normal Operation,Normal
2025-11-05 22:53:58,228.25,0.01,2.2825,12.85,WARNING: Unexpected Power Drop Detected!,Power Mismatch
2025-11-05 22:53:59,230.0,0.81,186.3,13.52,Normal Operation,Normal
2025-11-05 22:53:59,231.97,1.64,380.4308,14.61,Normal Operation,Normal
2025-11-05 22:54:00,264.35,1.76,465.25600000000003,17.04,WARNING: Voltage Out of Range: 264.35V,Voltage Anomaly
2025-11-05 22:54:01,229.22,1.21,277.3562,17.86,Normal Operation,Normal
2025-11-05 22:54:01,229.42,1.39,318.89379999999994,17.06,Normal Operation,Normal
2025-11-05 22:54:02,228.15,14.06,3207.789,16.93,WARNING: High Current Detected! Current: 14.06A,Overload Detected
2025-11-05 22:54:02,232.0,1.45,336.4,13.17,Normal Operation,Normal
2025-11-05 22:54:03,230.56,1.76,405.7856,96.29,WARNING: Magnetic Interference Detected! Field: 96.29 G,Magnetic Tamper
2025-11-05 22:54:03,229.48,1.08,247.8384,12.33,Normal Operation,Normal
2025-11-05 22:54:04,229.28,11.44,2622.9631999999997,16.54,WARNING: High Current Detected! Current: 11.44A,Overload Detected
2025-11-05 22:54:05,231.22,0.81,187.28820000000002,16.42,WARNING: Unexpected Power Drop Detected!,Power Mismatch
2025-11-05 22:54:05,229.78,1.48,340.0744,16.73,Normal Operation,Normal
2025-11-05 22:54:06,231.15,-1.39,-321.2985,17.75,WARNING: Reverse Power Flow Detected! Current: -1.39A,Reverse Flow
2025-11-05 22:54:06,228.1,0.71,161.951,12.63,WARNING: Unexpected Power Drop Detected!,Power Mismatch
2025-11-05 22:54:07,229.84,10.3,2367.3520000000003,17.58,WARNING: High Current Detected! Current: 10.30A,Overload Detected
2025-11-05 22:54:07,228.85,1.26,288.351,15.42,Normal Operation,Normal
2025-11-05 22:54:08,228.27,0.91,207.72570000000002,14.46,Normal Operation,Normal
2025-11-05 22:54:08,230.87,0.01,2.3087,16.77,WARNING: Unexpected Power Drop Detected!,Power Mismatch
2025-11-05 22:54:09,228.27,1.41,321.8607,15.08,Normal Operation,Normal
2025-11-05 22:54:09,228.78,1.55,354.60900000000004,12.49,Normal Operation,Normal
2025-11-05 22:54:10,230.12,0.93,214.01160000000002,13.69,Normal Operation,Normal
2025-11-05 22:54:10,229.86,1.65,379.269,14.16,Normal Operation,Normal
2025-11-05 22:54:11,230.02,1.57,361.13140000000004,16.59,Normal Operation,Normal
2025-11-05 22:54:11,231.67,0.92,213.1364,91.18,WARNING: Magnetic Interference Detected! Field: 91.18 G,Magnetic Tamper
2025-11-05 22:54:12,231.47,0.95,219.89649999999997,16.66,Normal Operation,Normal
2025-11-05 22:54:12,262.8,1.66,436.248,17.15,WARNING: Voltage Out of Range: 262.80V,Voltage Anomaly
2025-11-05 22:54:13,228.87,-1.66,-379.9242,16.59,WARNING: Reverse Power Flow Detected! Current: -1.66A,Reverse Flow
2025-11-05 22:54:14,230.35,0.72,165.852,15.62,Normal Operation,Normal
2025-11-05 22:54:14,230.68,-1.67,-385.2356,17.52,WARNING: Reverse Power Flow Detected! Current: -1.67A,Reverse Flow
2025-11-05 22:54:15,228.45,1.63,372.3735,13.36,Normal Operation,Normal
2025-11-05 22:54:15,229.79,0.83,190.7257,14.98,Normal Operation,Normal
2025-11-05 22:54:16,228.17,1.49,339.9733,105.14,WARNING: Magnetic Interference Detected! Field: 105.14 G,Magnetic Tamper
2025-11-05 22:54:16,229.63,1.19,273.2597,12.24,Normal Operation,Normal
2025-11-05 22:54:17,229.67,1.21,277.9007,14.55,Normal Operation,Normal
2025-11-05 22:54:18,230.89,1.14,263.21459999999996,16.46,Normal Operation,Normal
2025-11-05 22:54:18,229.87,1.44,331.01279999999997,16.41,Normal Operation,Normal
2025-11-05 22:54:19,229.6,10.0,2296.0,16.46,WARNING: High Current Detected! Current: 10.00A,Overload Detected
2025-11-05 22:54:19,230.51,0.92,212.0692,13.87,Normal Operation,Normal
2025-11-05 22:54:20,230.75,10.99,2535.9425,12.93,WARNING: High Current Detected! Current: 10.99A,Overload Detected
2025-11-05 22:54:20,231.03,0.77,177.8931,16.05,WARNING: Unexpected Power Drop Detected!,Power Mismatch
2025-11-05 22:54:21,228.5,1.61,367.88500000000005,13.66,Normal Operation,Normal
2025-11-05 22:54:22,230.72,1.51,348.3872,14.63,Normal Operation,Normal
2025-11-05 22:54:22,228.57,1.52,347.4264,17.36,Normal Operation,Normal
2025-11-05 22:54:23,230.87,0.72,166.22639999999998,16.75,WARNING: Unexpected Power Drop Detected!,Power Mismatch
2025-11-05 22:54:23,231.93,1.16,269.0388,16.72,Normal Operation,Normal
2025-11-05 22:54:24,230.7,-2.13,-491.39099999999996,15.12,WARNING: Reverse Power Flow Detected! Current: -2.13A,Reverse Flow
2025-11-05 22:54:24,231.74,0.97,224.7878,15.41,Normal Operation,Normal
2025-11-05 22:54:25,228.9,1.54,352.50600000000003,16.22,Normal Operation,Normal
2025-11-05 22:54:26,229.52,0.01,2.2952000000000004,15.48,WARNING: Unexpected Power Drop Detected!,Power Mismatch
2025-11-05 22:54:26,228.93,1.69,386.8917,14.86,Normal Operation,Normal
2025-11-05 22:54:27,229.54,1.19,273.15259999999995,16.98,Normal Operation,Normal
2025-11-05 22:54:27,231.89,0.82,190.14979999999997,13.04,Normal Operation,Normal
2025-11-05 22:54:28,230.0,0.94,216.2,13.95,Normal Operation,Normal
2025-11-05 22:54:28,231.75,1.19,275.78249999999997,14.29,Normal Operation,Normal
2025-11-05 22:54:29,228.04,1.52,346.6208,12.66,Normal Operation,Normal
2025-11-05 22:54:30,230.98,0.94,217.1212,14.61,Normal Operation,Normal
2025-11-05 22:54:30,228.94,0.7,160.25799999999998,16.07,Normal Operation,Normal
2025-11-05 22:54:31,228.98,0.63,144.2574,13.21,Normal Operation,Normal
2025-11-05 22:54:31,228.94,0.0,0.0,12.32,"WARNING: Possible Meter Bypass! Voltage: 228.94V, Current: 0.00A",Bypass Detected
2025-11-05 22:54:32,229.64,1.46,335.27439999999996,14.63,Normal Operation,Normal
2025-11-05 22:54:32,229.71,0.91,209.0361,12.26,Normal Operation,Normal
2025-11-05 22:54:33,229.04,10.82,2478.2128,14.81,WARNING: High Current Detected! Current: 10.82A,Overload Detected
2025-11-05 22:54:34,229.3,-2.5,-573.25,16.37,WARNING: Reverse Power Flow Detected! Current: -2.50A,Reverse Flow
2025-11-05 22:54:34,231.25,1.04,240.5,15.98,Normal Operation,Normal
2025-11-05 22:54:35,230.24,13.95,3211.848,16.51,WARNING: High Current Detected! Current: 13.95A,Overload Detected
2025-11-05 22:54:35,231.74,1.67,387.0058,14.76,Normal Operation,Normal
2025-11-05 22:54:36,229.87,1.71,393.0777,12.93,Normal Operation,Normal
2025-11-05 22:54:36,229.65,1.76,404.184,14.21,Normal Operation,Normal
2025-11-05 22:54:37,230.47,1.77,407.9319,16.11,Normal Operation,Normal
2025-11-05 22:54:38,230.54,8.43,1943.4522,15.72,WARNING: High Current Detected! Current: 8.43A,Overload Detected
2025-11-05 22:54:38,231.71,0.92,213.1732,12.89,WARNING: Unexpected Power Drop Detected!,Power Mismatch
2025-11-05 22:54:39,229.04,1.1,251.94400000000002,15.58,WARNING: Unexpected Power Drop Detected!,Power Mismatch
2025-11-05 22:54:39,231.82,1.57,363.9574,82.49,WARNING: Magnetic Interference Detected! Field: 82.49 G,Magnetic Tamper
2025-11-05 22:54:40,231.47,1.31,303.2257,13.55,Normal Operation,Normal
2025-11-05 22:54:40,230.5,0.01,2.305,13.1,WARNING: Unexpected Power Drop Detected!,Power Mismatch
2025-11-05 22:54:41,230.46,1.71,394.08660000000003,12.76,Normal Operation,Normal
2025-11-05 22:54:42,179.69,1.15,206.6435,13.99,WARNING: Voltage Out of Range: 179.69V,Voltage Anomaly
2025-11-05 22:54:42,231.43,0.71,164.3153,16.0,Normal Operation,Normal
2025-11-05 22:54:43,228.15,0.02,4.563000000000001,17.73,WARNING: Unexpected Power Drop Detected!,Power Mismatch
2025-11-05 22:54:43,231.3,0.68,157.28400000000002,15.69,Normal Operation,Normal
2025-11-05 22:54:44,228.28,0.79,180.34120000000001,17.46,Normal Operation,Normal
2025-11-05 22:54:44,174.58,1.46,254.88680000000002,12.12,WARNING: Voltage Out of Range: 174.58V,Voltage Anomaly
2025-11-05 22:54:45,231.51,-1.79,-414.4029,17.1,WARNING: Reverse Power Flow Detected! Current: -1.79A,Reverse Flow
2025-11-05 22:54:46,228.14,0.9,205.326,14.21,Normal Operation,Normal
2025-11-05 22:54:46,266.59,1.25,333.23749999999995,15.69,WARNING: Voltage Out of Range: 266.59V,Voltage Anomaly
2025-11-05 22:54:47,228.81,1.59,363.8079,13.82,Normal Operation,Normal
2025-11-05 22:54:47,231.73,0.85,196.9705,17.5,Normal Operation,Normal
2025-11-05 22:54:48,229.21,1.27,291.0967,13.69,Normal Operation,Normal
2025-11-05 22:54:48,231.93,0.65,150.7545,14.36,Normal Operation,Normal
2025-11-05 22:54:49,228.24,10.24,2337.1776,17.05,WARNING: High Current Detected! Current: 10.24A,Overload Detected
2025-11-05 22:54:50,231.96,0.77,178.60920000000002,14.87,Normal Operation,Normal
2025-11-05 22:54:50,230.47,1.48,341.0956,12.95,Normal Operation,Normal
2025-11-05 22:54:51,229.38,1.67,383.0646,13.27,Normal Operation,Normal
2025-11-05 22:54:51,231.62,0.68,157.50160000000002,14.53,Normal Operation,Normal
2025-11-05 22:54:52,230.37,0.96,221.1552,16.49,Normal Operation,Normal
2025-11-05 22:54:53,231.26,1.5,346.89,15.73,Normal Operation,Normal
2025-11-05 22:54:53,229.42,-2.44,-559.7847999999999,16.3,WARNING: Reverse Power Flow Detected! Current: -2.44A,Reverse Flow
2025-11-05 22:54:54,230.34,0.85,195.789,14.86,Normal Operation,Normal
2025-11-05 22:54:54,229.56,0.01,2.2956,14.51,WARNING: Unexpected Power Drop Detected!,Power Mismatch
2025-11-05 22:54:55,229.86,1.29,296.5194,12.01,Normal Operation,Normal
2025-11-05 22:54:55,230.93,1.2,277.116,12.07,Normal Operation,Normal
2025-11-05 22:54:56,231.23,1.51,349.15729999999996,17.96,Normal Operation,Normal
2025-11-05 22:54:57,231.67,0.88,203.8696,15.05,Normal Operation,Normal
2025-11-05 22:54:57,228.54,1.08,246.8232,14.2,Normal Operation,Normal
2025-11-05 22:54:58,231.56,1.1,254.71600000000004,17.23,Normal Operation,Normal
2025-11-05 22:54:58,230.08,1.75,402.64000000000004,17.96,Normal Operation,Normal
2025-11-05 22:54:59,229.62,1.11,254.87820000000002,13.24,Normal Operation,Normal
2025-11-05 22:54:59,231.45,0.0,0.0,15.11,"WARNING: Possible Meter Bypass! Voltage: 231.45V, Current: 0.00A",Bypass Detected
2025-11-05 22:55:00,231.11,1.79,413.68690000000004,105.66,WARNING: Magnetic Interference Detected! Field: 105.66 G,Magnetic Tamper
2025-11-05 22:55:01,231.02,1.68,388.1136,13.84,Normal Operation,Normal
2025-11-05 22:55:01,231.51,14.81,3428.6630999999998,15.02,WARNING: High Current Detected! Current: 14.81A,Overload Detected
2025-11-05 22:55:02,231.51,0.92,212.9892,14.13,Normal Operation,Normal
2025-11-05 22:55:02,230.83,0.94,216.9802,15.14,Normal Operation,Normal
2025-11-05 22:55:03,231.64,1.1,254.804,13.21,Normal Operation,Normal
2025-11-05 22:55:03,231.92,1.72,398.9024,15.86,Normal Operation,Normal
2025-11-05 22:55:04,230.34,1.73,398.4882,12.16,Normal Operation,Normal
2025-11-05 22:55:05,229.94,1.75,402.395,17.75,Normal Operation,Normal
2025-11-05 22:55:05,262.3,0.87,228.20100000000002,17.3,WARNING: Voltage Out of Range: 262.30V,Voltage Anomaly
2025-11-05 22:55:06,231.99,0.92,213.4308,12.95,Normal Operation,Normal
2025-11-05 22:55:06,228.38,1.03,235.2314,16.63,Normal Operation,Normal
2025-11-05 22:55:07,230.9,0.86,198.574,12.75,Normal Operation,Normal
2025-11-05 22:55:07,230.59,0.81,186.77790000000002,13.79,Normal Operation,Normal
2025-11-05 22:55:08,187.0,0.93,173.91,17.24,WARNING: Voltage Out of Range: 187.00V,Voltage Anomaly
2025-11-05 22:55:09,230.95,1.46,337.18699999999995,15.63,Normal Operation,Normal
2025-11-05 22:55:09,230.83,0.01,2.3083,16.6,WARNING: Unexpected Power Drop Detected!,Power Mismatch
2025-11-05 22:55:10,231.94,1.57,364.1458,17.18,Normal Operation,Normal
2025-11-05 22:55:10,228.02,1.32,300.9864,14.28,Normal Operation,Normal
2025-11-05 22:55:11,229.1,0.02,4.582,13.28,WARNING: Unexpected Power Drop Detected!,Power Mismatch
2025-11-05 22:55:11,228.2,1.0,228.2,13.53,Normal Operation,Normal
2025-11-05 22:55:12,229.01,1.04,238.1704,15.99,Normal Operation,Normal
2025-11-05 22:55:13,228.81,1.22,279.1482,15.07,Normal Operation,Normal
2025-11-05 22:55:13,230.63,1.1,253.693,91.38,WARNING: Magnetic Interference Detected! Field: 91.38 G,Magnetic Tamper
2025-11-05 22:55:14,231.01,1.55,358.0655,12.86,Normal Operation,Normal
2025-11-05 22:55:14,228.52,14.86,3395.8072,14.26,WARNING: High Current Detected! Current: 14.86A,Overload Detected
2025-11-05 22:55:15,230.94,1.59,367.19460000000004,12.26,Normal Operation,Normal
2025-11-05 22:55:15,231.04,1.6,369.664,117.57,WARNING: Magnetic Interference Detected! Field: 117.57 G,Magnetic Tamper
2025-11-05 22:55:16,228.07,0.71,161.9297,17.32,WARNING: Unexpected Power Drop Detected!,Power Mismatch
2025-11-05 22:55:17,229.36,12.24,2807.3664000000003,12.89,WARNING: High Current Detected! Current: 12.24A,Overload Detected
2025-11-05 22:55:17,231.15,0.01,2.3115,17.96,WARNING: Unexpected Power Drop Detected!,Power Mismatch
2025-11-05 22:55:18,228.42,1.75,399.73499999999996,17.8,Normal Operation,Normal
2025-11-05 22:55:18,230.89,-2.48,-572.6071999999999,17.1,WARNING: Reverse Power Flow Detected! Current: -2.48A,Reverse Flow
2025-11-05 22:55:19,229.8,14.5,3332.1000000000004,13.11,WARNING: High Current Detected! Current: 14.50A,Overload Detected
2025-11-05 22:55:20,231.01,0.6,138.606,14.98,WARNING: Unexpected Power Drop Detected!,Power Mismatch
2025-11-05 22:55:20,228.17,1.59,362.7903,15.73,Normal Operation,Normal
2025-11-05 22:55:21,229.4,1.35,309.69000000000005,15.49,Normal Operation,Normal
2025-11-05 22:55:21,228.22,1.31,298.9682,12.08,Normal Operation,Normal
2025-11-05 22:55:22,230.28,10.22,2353.4616,12.59,WARNING: High Current Detected! Current: 10.22A,Overload Detected
2025-11-05 22:55:22,229.15,0.96,219.984,102.58,WARNING: Magnetic Interference Detected! Field: 102.58 G,Magnetic Tamper
2025-11-05 22:55:23,231.08,1.28,295.7824,16.64,Normal Operation,Normal
2025-11-05 22:55:24,228.43,0.01,2.2843,15.81,WARNING: Unexpected Power Drop Detected!,Power Mismatch
2025-11-05 22:55:24,228.03,1.63,371.6889,13.2,Normal Operation,Normal
2025-11-05 22:55:25,229.31,0.01,2.2931,13.62,WARNING: Unexpected Power Drop Detected!,Power Mismatch
2025-11-05 22:55:25,231.34,0.98,226.7132,15.99,Normal Operation,Normal
2025-11-05 22:55:26,229.81,1.41,324.03209999999996,13.74,Normal Operation,Normal
2025-11-05 22:55:26,175.24,1.33,233.06920000000002,13.04,WARNING: Voltage Out of Range: 175.24V,Voltage Anomaly
2025-11-05 22:55:27,228.51,1.77,404.4627,15.05,Normal Operation,Normal
2025-11-05 22:55:28,229.07,1.03,235.9421,15.34,Normal Operation,Normal
2025-11-05 22:55:28,229.23,1.68,385.10639999999995,16.07,Normal Operation,Normal
2025-11-05 22:55:29,231.36,0.72,166.57920000000001,15.34,Normal Operation,Normal
2025-11-05 22:55:29,231.49,0.68,157.41320000000002,12.78,Normal Operation,Normal
2025-11-05 22:55:30,228.79,1.08,247.0932,16.19,Normal Operation,Normal
2025-11-05 22:55:30,228.51,1.1,251.36100000000002,12.3,Normal Operation,Normal
2025-11-05 22:55:31,185.17,1.43,264.7931,15.98,WARNING: Voltage Out of Range: 185.17V,Voltage Anomaly
2025-11-05 22:55:31,231.05,14.39,3324.8095000000003,13.94,WARNING: High Current Detected! Current: 14.39A,Overload Detected
2025-11-05 22:55:32,231.7,1.55,359.135,13.97,Normal Operation,Normal
2025-11-05 22:55:33,230.53,10.14,2337.5742,13.93,WARNING: High Current Detected! Current: 10.14A,Overload Detected
2025-11-05 22:55:33,228.72,0.87,198.9864,12.18,WARNING: Unexpected Power Drop Detected!,Power Mismatch
2025-11-05 22:55:34,231.13,0.0,0.0,12.05,"WARNING: Possible Meter Bypass! Voltage: 231.13V, Current: 0.00A",Bypass Detected
2025-11-05 22:55:34,228.88,1.41,322.7208,12.45,Normal Operation,Normal
2025-11-05 22:55:35,230.17,1.21,278.5057,13.62,Normal Operation,Normal
2025-11-05 22:55:35,229.26,0.0,0.0,14.34,"WARNING: Possible Meter Bypass! Voltage: 229.26V, Current: 0.00A",Bypass Detected
2025-11-05 22:55:36,228.19,1.59,362.82210000000003,13.41,Normal Operation,Normal
2025-11-05 22:55:36,230.77,0.01,2.3077,16.98,WARNING: Unexpected Power Drop Detected!,Power Mismatch
2025-11-05 22:55:37,228.82,1.63,372.97659999999996,12.72,Normal Operation,Normal
2025-11-05 22:55:37,230.09,1.63,375.0467,16.16,Normal Operation,Normal
2025-11-05 22:55:38,230.77,1.67,385.3859,17.32,Normal Operation,Normal
2025-11-05 22:55:38,230.76,1.56,359.9856,14.09,Normal Operation,Normal
2025-11-05 22:55:39,230.63,1.38,318.26939999999996,81.66,WARNING: Magnetic Interference Detected! Field: 81.66 G,Magnetic Tamper
2025-11-05 22:55:39,230.3,0.73,168.119,12.08,Normal Operation,Normal
2025-11-05 22:55:40,230.79,1.45,334.64549999999997,13.22,Normal Operation,Normal
2025-11-05 22:55:41,228.66,1.29,294.9714,13.69,Normal Operation,Normal
2025-11-05 22:55:41,229.01,1.08,247.3308,14.77,Normal Operation,Normal
2025-11-05 22:55:42,229.35,1.46,334.851,16.08,Normal Operation,Normal
2025-11-05 22:55:42,230.02,0.87,200.1174,17.25,Normal Operation,Normal
2025-11-05 22:55:43,257.77,1.23,317.0571,13.36,WARNING: Voltage Out of Range: 257.77V,Voltage Anomaly
2025-11-05 22:55:43,229.71,0.63,144.7173,12.24,Normal Operation,Normal
2025-11-05 22:55:44,229.44,1.51,346.4544,17.27,Normal Operation,Normal
2025-11-05 22:55:45,230.91,0.89,205.5099,13.25,Normal Operation,Normal
2025-11-05 22:55:45,231.9,-2.42,-561.198,13.31,WARNING: Reverse Power Flow Detected! Current: -2.42A,Reverse Flow
2025-11-05 22:55:46,231.88,1.21,280.5748,15.06,Normal Operation,Normal
2025-11-05 22:55:46,228.66,0.78,178.3548,17.9,Normal Operation,Normal
2025-11-05 22:55:47,228.96,0.68,155.6928,13.91,Normal Operation,Normal
2025-11-05 22:55:47,231.73,1.25,289.66249999999997,13.93,Normal Operation,Normal
2025-11-05 22:55:48,231.3,1.02,235.92600000000002,16.54,Normal Operation,Normal
2025-11-05 22:55:48,230.86,1.3,300.11800000000005,15.97,Normal Operation,Normal
2025-11-05 22:55:49,261.24,0.84,219.4416,13.15,WARNING: Voltage Out of Range: 261.24V,Voltage Anomaly
2025-11-05 22:55:50,229.45,1.31,300.5795,15.75,Normal Operation,Normal
2025-11-05 22:55:50,231.89,1.04,241.16559999999998,17.78,Normal Operation,Normal
2025-11-05 22:55:51,230.8,0.72,166.17600000000002,14.92,Normal Operation,Normal
2025-11-05 22:55:51,228.91,1.25,286.1375,15.59,Normal Operation,Normal
2025-11-05 22:55:52,231.3,0.78,180.41400000000002,16.8,Normal Operation,Normal
2025-11-05 22:55:52,230.59,1.62,373.55580000000003,17.18,Normal Operation,Normal
2025-11-05 22:55:53,229.04,0.9,206.136,12.23,Normal Operation,Normal
2025-11-05 22:55:54,231.15,1.56,360.594,15.42,Normal Operation,Normal
2025-11-05 22:55:54,228.18,1.6,365.088,17.14,Normal Operation,Normal
2025-11-05 22:55:55,229.12,1.53,350.5536,13.25,Normal Operation,Normal
2025-11-05 22:55:55,230.74,0.72,166.1328,15.2,Normal Operation,Normal
2025-11-05 22:55:56,228.45,0.96,219.31199999999998,16.59,Normal Operation,Normal
